id,novelId,jobType,status,idempotencyKey,payloadVersion,payloadJson,attempts,maxAttempts,runAfter,leaseOwner,leaseExpiresAt,lastError,finishedAt,createdAt,updatedAt
cmr24zoar01rgv16zneyexjhh,cmr23pgks000fv16zpwg1ms38,character.volumeRebuild,succeeded,character.volumeRebuild:cmr23pgks000fv16zpwg1ms38:workspace_updated:53989340de2f85f27cd414abb95838ac9dba292e,1,"{""novelId"":""cmr23pgks000fv16zpwg1ms38"",""sourceType"":""volume_projection""}",1,5,2026-07-01T13:54:08.448+00:00,,,,2026-07-01T13:54:23.813+00:00,2026-07-01T13:54:08.451+00:00,2026-07-01T13:54:23.814+00:00
cmr24ztz601t3v16zp88ogtys,cmr23pgks000fv16zpwg1ms38,character.volumeRebuild,succeeded,character.volumeRebuild:cmr23pgks000fv16zpwg1ms38:workspace_updated:e01e022ff35aa4cb89eacf11bfa75ecaac8c875d,1,"{""novelId"":""cmr23pgks000fv16zpwg1ms38"",""sourceType"":""volume_projection""}",1,5,2026-07-01T13:54:15.809+00:00,,,,2026-07-01T13:54:33.037+00:00,2026-07-01T13:54:15.810+00:00,2026-07-01T13:54:33.038+00:00
cmr261x6b0495v16zyjuq0ll0,cmr23pgks000fv16zpwg1ms38,novel.pipelineSnapshot,succeeded,novel.pipelineSnapshot:cmr25sbs2046kv16zrvyuw8vc,1,"{""novelId"":""cmr23pgks000fv16zpwg1ms38"",""jobId"":""cmr25sbs2046kv16zrvyuw8vc"",""label"":""pipeline-cmr25sbs""}",1,5,2026-07-01T14:23:52.882+00:00,,,,2026-07-01T14:23:55.664+00:00,2026-07-01T14:23:52.883+00:00,2026-07-01T14:23:55.664+00:00
cmr269swo04byv16z8lpa1o37,cmr23pgks000fv16zpwg1ms38,novel.pipelineSnapshot,succeeded,novel.pipelineSnapshot:cmr261xej0497v16zwjf1pmff,1,"{""novelId"":""cmr23pgks000fv16zpwg1ms38"",""jobId"":""cmr261xej0497v16zwjf1pmff"",""label"":""pipeline-cmr261xe""}",1,5,2026-07-01T14:30:00.599+00:00,,,,2026-07-01T14:30:02.432+00:00,2026-07-01T14:30:00.599+00:00,2026-07-01T14:30:02.432+00:00
cmr26fuik04h5v16zj1753gga,cmr23pgks000fv16zpwg1ms38,novel.pipelineSnapshot,succeeded,novel.pipelineSnapshot:cmr269tdt04c0v16zatpq2q2c,1,"{""novelId"":""cmr23pgks000fv16zpwg1ms38"",""jobId"":""cmr269tdt04c0v16zatpq2q2c"",""label"":""pipeline-cmr269td""}",1,5,2026-07-01T14:34:42.620+00:00,,,,2026-07-01T14:34:44.429+00:00,2026-07-01T14:34:42.620+00:00,2026-07-01T14:34:44.430+00:00
cmr26psh404nhv16zcf598rt1,cmr23pgks000fv16zpwg1ms38,novel.pipelineSnapshot,succeeded,novel.pipelineSnapshot:cmr26fv0604h7v16zpk3a3fay,1,"{""novelId"":""cmr23pgks000fv16zpwg1ms38"",""jobId"":""cmr26fv0604h7v16zpk3a3fay"",""label"":""pipeline-cmr26fv0""}",1,5,2026-07-01T14:42:26.536+00:00,,,,2026-07-01T14:42:28.909+00:00,2026-07-01T14:42:26.536+00:00,2026-07-01T14:42:28.909+00:00
cmr26y8xe04qsv16zfuqtnqlr,cmr23pgks000fv16zpwg1ms38,novel.pipelineSnapshot,succeeded,novel.pipelineSnapshot:cmr26ptjl04nkv16znlnw2w0b,1,"{""novelId"":""cmr23pgks000fv16zpwg1ms38"",""jobId"":""cmr26ptjl04nkv16znlnw2w0b"",""label"":""pipeline-cmr26ptj""}",1,5,2026-07-01T14:49:01.106+00:00,,,,2026-07-01T14:49:04.628+00:00,2026-07-01T14:49:01.106+00:00,2026-07-01T14:49:04.628+00:00
cmr275pfk04ufv16zrpedyepj,cmr23pgks000fv16zpwg1ms38,novel.pipelineSnapshot,succeeded,novel.pipelineSnapshot:cmr26y95704quv16zt7sgn72z,1,"{""novelId"":""cmr23pgks000fv16zpwg1ms38"",""jobId"":""cmr26y95704quv16zt7sgn72z"",""label"":""pipeline-cmr26y95""}",1,5,2026-07-01T14:54:49.087+00:00,,,,2026-07-01T14:54:51.341+00:00,2026-07-01T14:54:49.088+00:00,2026-07-01T14:54:51.342+00:00
cmr27coqu04wyv16zine9zg9d,cmr23pgks000fv16zpwg1ms38,novel.pipelineSnapshot,succeeded,novel.pipelineSnapshot:cmr275q6g04uiv16zg289p2nk,1,"{""novelId"":""cmr23pgks000fv16zpwg1ms38"",""jobId"":""cmr275q6g04uiv16zg289p2nk"",""label"":""pipeline-cmr275q6""}",1,5,2026-07-01T15:00:14.789+00:00,,,,2026-07-01T15:00:17.874+00:00,2026-07-01T15:00:14.789+00:00,2026-07-01T15:00:17.878+00:00
cmr27yo9y04zlv16zah8mb4h8,cmr23pgks000fv16zpwg1ms38,novel.pipelineSnapshot,succeeded,novel.pipelineSnapshot:cmr27covk04x0v16zaoxd4369,1,"{""novelId"":""cmr23pgks000fv16zpwg1ms38"",""jobId"":""cmr27covk04x0v16zaoxd4369"",""label"":""pipeline-cmr27cov""}",1,5,2026-07-01T15:17:20.613+00:00,,,,2026-07-01T15:17:23.962+00:00,2026-07-01T15:17:20.614+00:00,2026-07-01T15:17:23.963+00:00
cmr285d2y052mv16zvmeb2u66,cmr23pgks000fv16zpwg1ms38,novel.pipelineSnapshot,succeeded,novel.pipelineSnapshot:cmr27yogx04zov16zphxk1p9j,1,"{""novelId"":""cmr23pgks000fv16zpwg1ms38"",""jobId"":""cmr27yogx04zov16zphxk1p9j"",""label"":""pipeline-cmr27yog""}",1,5,2026-07-01T15:22:32.697+00:00,,,,2026-07-01T15:22:34.021+00:00,2026-07-01T15:22:32.698+00:00,2026-07-01T15:22:34.021+00:00
cmr28ctbk055ov16z6640s57q,cmr23pgks000fv16zpwg1ms38,novel.pipelineSnapshot,succeeded,novel.pipelineSnapshot:cmr285d8o052ov16zy3ls6jcd,1,"{""novelId"":""cmr23pgks000fv16zpwg1ms38"",""jobId"":""cmr285d8o052ov16zy3ls6jcd"",""label"":""pipeline-cmr285d8""}",1,5,2026-07-01T15:28:20.336+00:00,,,,2026-07-01T15:28:24.205+00:00,2026-07-01T15:28:20.336+00:00,2026-07-01T15:28:24.205+00:00
cmr30u0ai0an2v16z8rtpd3r0,cmr23pgks000fv16zpwg1ms38,novel.pipelineSnapshot,succeeded,novel.pipelineSnapshot:cmr30lv2g0ak6v16zm71ztu78,1,"{""novelId"":""cmr23pgks000fv16zpwg1ms38"",""jobId"":""cmr30lv2g0ak6v16zm71ztu78"",""label"":""pipeline-cmr30lv2""}",1,5,2026-07-02T04:45:31.770+00:00,,,,2026-07-02T04:45:32.606+00:00,2026-07-02T04:45:31.770+00:00,2026-07-02T04:45:32.606+00:00
cmr314xiy0aqov16zuq0db97d,cmr23pgks000fv16zpwg1ms38,novel.pipelineSnapshot,succeeded,novel.pipelineSnapshot:cmr30u1e20an5v16zxpjty6wr,1,"{""novelId"":""cmr23pgks000fv16zpwg1ms38"",""jobId"":""cmr30u1e20an5v16zxpjty6wr"",""label"":""pipeline-cmr30u1e""}",1,5,2026-07-02T04:54:01.401+00:00,,,,2026-07-02T04:54:02.822+00:00,2026-07-02T04:54:01.402+00:00,2026-07-02T04:54:02.822+00:00
cmr31ctii0atqv16zebck6ib5,cmr23pgks000fv16zpwg1ms38,novel.pipelineSnapshot,succeeded,novel.pipelineSnapshot:cmr314xv80aqrv16zqetrq01j,1,"{""novelId"":""cmr23pgks000fv16zpwg1ms38"",""jobId"":""cmr314xv80aqrv16zqetrq01j"",""label"":""pipeline-cmr314xv""}",1,5,2026-07-02T05:00:09.449+00:00,,,,2026-07-02T05:00:13.182+00:00,2026-07-02T05:00:09.450+00:00,2026-07-02T05:00:13.183+00:00
cmr31m5yc0awev16z3socazam,cmr23pgks000fv16zpwg1ms38,novel.pipelineSnapshot,succeeded,novel.pipelineSnapshot:cmr31cumm0attv16z7wgznjbj,1,"{""novelId"":""cmr23pgks000fv16zpwg1ms38"",""jobId"":""cmr31cumm0attv16z7wgznjbj"",""label"":""pipeline-cmr31cum""}",1,5,2026-07-02T05:07:25.475+00:00,,,,2026-07-02T05:07:28.432+00:00,2026-07-02T05:07:25.476+00:00,2026-07-02T05:07:28.433+00:00
cmr31ud710azmv16zbqehuc2f,cmr23pgks000fv16zpwg1ms38,novel.pipelineSnapshot,succeeded,novel.pipelineSnapshot:cmr31m6wj0awhv16zbewyubut,1,"{""novelId"":""cmr23pgks000fv16zpwg1ms38"",""jobId"":""cmr31m6wj0awhv16zbewyubut"",""label"":""pipeline-cmr31m6w""}",1,5,2026-07-02T05:13:48.108+00:00,,,,2026-07-02T05:13:48.729+00:00,2026-07-02T05:13:48.108+00:00,2026-07-02T05:13:48.729+00:00
cmr320iyh0b25v16ze5t5cmbv,cmr23pgks000fv16zpwg1ms38,novel.pipelineSnapshot,succeeded,novel.pipelineSnapshot:cmr31udg30azov16zy6muc3w8,1,"{""novelId"":""cmr23pgks000fv16zpwg1ms38"",""jobId"":""cmr31udg30azov16zy6muc3w8"",""label"":""pipeline-cmr31udg""}",1,5,2026-07-02T05:18:35.512+00:00,,,,2026-07-02T05:18:38.939+00:00,2026-07-02T05:18:35.513+00:00,2026-07-02T05:18:38.940+00:00
cmr3276xj0b49v16z8mbn9naz,cmr23pgks000fv16zpwg1ms38,novel.pipelineSnapshot,succeeded,novel.pipelineSnapshot:cmr320jpi0b27v16zki7n7436,1,"{""novelId"":""cmr23pgks000fv16zpwg1ms38"",""jobId"":""cmr320jpi0b27v16zki7n7436"",""label"":""pipeline-cmr320jp""}",1,5,2026-07-02T05:23:46.518+00:00,,,,2026-07-02T05:23:49.147+00:00,2026-07-02T05:23:46.518+00:00,2026-07-02T05:23:49.147+00:00
cmr32i4qs0b6rv16zvb16y3vl,cmr23pgks000fv16zpwg1ms38,novel.pipelineSnapshot,succeeded,novel.pipelineSnapshot:cmr3277wq0b4bv16zjgt6mhxo,1,"{""novelId"":""cmr23pgks000fv16zpwg1ms38"",""jobId"":""cmr3277wq0b4bv16zjgt6mhxo"",""label"":""pipeline-cmr3277w""}",1,5,2026-07-02T05:32:16.900+00:00,,,,2026-07-02T05:32:19.580+00:00,2026-07-02T05:32:16.900+00:00,2026-07-02T05:32:19.580+00:00
cmr32rvzg0b9cv16zn64rg378,cmr23pgks000fv16zpwg1ms38,novel.pipelineSnapshot,succeeded,novel.pipelineSnapshot:cmr32i51y0b6tv16zf2p6tdgl,1,"{""novelId"":""cmr23pgks000fv16zpwg1ms38"",""jobId"":""cmr32i51y0b6tv16zf2p6tdgl"",""label"":""pipeline-cmr32i51""}",1,5,2026-07-02T05:39:52.107+00:00,,,,2026-07-02T05:39:54.769+00:00,2026-07-02T05:39:52.108+00:00,2026-07-02T05:39:54.770+00:00
cmr331fkb0bbxv16zmxsl5n25,cmr23pgks000fv16zpwg1ms38,novel.pipelineSnapshot,succeeded,novel.pipelineSnapshot:cmr32rwkk0b9ev16zs0iws5xe,1,"{""novelId"":""cmr23pgks000fv16zpwg1ms38"",""jobId"":""cmr32rwkk0b9ev16zs0iws5xe"",""label"":""pipeline-cmr32rwk""}",1,5,2026-07-02T05:47:17.386+00:00,,,,2026-07-02T05:47:20.008+00:00,2026-07-02T05:47:17.386+00:00,2026-07-02T05:47:20.008+00:00
cmr33bclc0bewv16zfzthy016,cmr23pgks000fv16zpwg1ms38,novel.pipelineSnapshot,succeeded,novel.pipelineSnapshot:cmr331g4q0bbzv16z869gqpq9,1,"{""novelId"":""cmr23pgks000fv16zpwg1ms38"",""jobId"":""cmr331g4q0bbzv16z869gqpq9"",""label"":""pipeline-cmr331g4""}",1,5,2026-07-02T05:55:00.096+00:00,,,,2026-07-02T05:55:00.871+00:00,2026-07-02T05:55:00.096+00:00,2026-07-02T05:55:00.872+00:00
cmr33lp750bhlv16z69acd19q,cmr23pgks000fv16zpwg1ms38,novel.pipelineSnapshot,succeeded,novel.pipelineSnapshot:cmr33bcy80bezv16zoxxm3737,1,"{""novelId"":""cmr23pgks000fv16zpwg1ms38"",""jobId"":""cmr33bcy80bezv16zoxxm3737"",""label"":""pipeline-cmr33bcy""}",1,5,2026-07-02T06:03:02.992+00:00,,,,2026-07-02T06:03:06.220+00:00,2026-07-02T06:03:02.992+00:00,2026-07-02T06:03:06.220+00:00
cmr33u21w0bk6v16zftqe48h4,cmr23pgks000fv16zpwg1ms38,novel.pipelineSnapshot,succeeded,novel.pipelineSnapshot:cmr33lpfz0bhnv16z2bcqdr31,1,"{""novelId"":""cmr23pgks000fv16zpwg1ms38"",""jobId"":""cmr33lpfz0bhnv16z2bcqdr31"",""label"":""pipeline-cmr33lpf""}",1,5,2026-07-02T06:09:32.899+00:00,,,,2026-07-02T06:09:36.400+00:00,2026-07-02T06:09:32.900+00:00,2026-07-02T06:09:36.400+00:00
cmr344ai50bmlv16zccoj8w0z,cmr23pgks000fv16zpwg1ms38,novel.pipelineSnapshot,succeeded,novel.pipelineSnapshot:cmr33u2ve0bk8v16zuzj0j0rl,1,"{""novelId"":""cmr23pgks000fv16zpwg1ms38"",""jobId"":""cmr33u2ve0bk8v16zuzj0j0rl"",""label"":""pipeline-cmr33u2v""}",1,5,2026-07-02T06:17:30.413+00:00,,,,2026-07-02T06:17:32.052+00:00,2026-07-02T06:17:30.413+00:00,2026-07-02T06:17:32.052+00:00
cmr34c3rk0bpav16z2qi3d8ky,cmr23pgks000fv16zpwg1ms38,novel.pipelineSnapshot,succeeded,novel.pipelineSnapshot:cmr344bhr0bmov16z32uss743,1,"{""novelId"":""cmr23pgks000fv16zpwg1ms38"",""jobId"":""cmr344bhr0bmov16z32uss743"",""label"":""pipeline-cmr344bh""}",1,5,2026-07-02T06:23:34.926+00:00,,,,2026-07-02T06:23:37.185+00:00,2026-07-02T06:23:34.928+00:00,2026-07-02T06:23:37.186+00:00
cmr34l3jn0brsv16zq6k22mgu,cmr23pgks000fv16zpwg1ms38,novel.pipelineSnapshot,succeeded,novel.pipelineSnapshot:cmr34c4950bpcv16zinsq630a,1,"{""novelId"":""cmr23pgks000fv16zpwg1ms38"",""jobId"":""cmr34c4950bpcv16zinsq630a"",""label"":""pipeline-cmr34c49""}",1,5,2026-07-02T06:30:34.546+00:00,,,,2026-07-02T06:30:37.619+00:00,2026-07-02T06:30:34.547+00:00,2026-07-02T06:30:37.620+00:00
cmr34uu7s0buqv16z55gsfk9h,cmr23pgks000fv16zpwg1ms38,novel.pipelineSnapshot,succeeded,novel.pipelineSnapshot:cmr34l4940bruv16zb6g7couv,1,"{""novelId"":""cmr23pgks000fv16zpwg1ms38"",""jobId"":""cmr34l4940bruv16zb6g7couv"",""label"":""pipeline-cmr34l49""}",1,5,2026-07-02T06:38:09.015+00:00,,,,2026-07-02T06:38:12.957+00:00,2026-07-02T06:38:09.016+00:00,2026-07-02T06:38:12.958+00:00
cmr353iyb0bw3v16z2kztej64,cmr23pgks000fv16zpwg1ms38,novel.pipelineSnapshot,succeeded,novel.pipelineSnapshot:cmr34uuyi0busv16z4p12y894,1,"{""novelId"":""cmr23pgks000fv16zpwg1ms38"",""jobId"":""cmr34uuyi0busv16z4p12y894"",""label"":""pipeline-cmr34uuy""}",1,5,2026-07-02T06:44:54.322+00:00,,,,2026-07-02T06:44:58.255+00:00,2026-07-02T06:44:54.323+00:00,2026-07-02T06:44:58.255+00:00
cmr35ayvd0byqv16zll8m5dje,cmr23pgks000fv16zpwg1ms38,novel.pipelineSnapshot,succeeded,novel.pipelineSnapshot:cmr353k3b0bw6v16zql2kismk,1,"{""novelId"":""cmr23pgks000fv16zpwg1ms38"",""jobId"":""cmr353k3b0bw6v16zql2kismk"",""label"":""pipeline-cmr353k3""}",1,5,2026-07-02T06:50:41.544+00:00,,,,2026-07-02T06:50:43.465+00:00,2026-07-02T06:50:41.545+00:00,2026-07-02T06:50:43.465+00:00
cmr35o7mj0c1sv16zlt6fhww6,cmr23pgks000fv16zpwg1ms38,novel.pipelineSnapshot,succeeded,novel.pipelineSnapshot:cmr35azr70bysv16z3nrk8qg4,1,"{""novelId"":""cmr23pgks000fv16zpwg1ms38"",""jobId"":""cmr35azr70bysv16z3nrk8qg4"",""label"":""pipeline-cmr35azr""}",1,5,2026-07-02T07:00:59.418+00:00,,,,2026-07-02T07:01:03.925+00:00,2026-07-02T07:00:59.419+00:00,2026-07-02T07:01:03.926+00:00
cmr35y9vz0c4sv16zssr6hsgt,cmr23pgks000fv16zpwg1ms38,novel.pipelineSnapshot,succeeded,novel.pipelineSnapshot:cmr35o8av0c1uv16zg3jan6pw,1,"{""novelId"":""cmr23pgks000fv16zpwg1ms38"",""jobId"":""cmr35o8av0c1uv16zg3jan6pw"",""label"":""pipeline-cmr35o8a""}",1,5,2026-07-02T07:08:48.910+00:00,,,,2026-07-02T07:08:49.265+00:00,2026-07-02T07:08:48.911+00:00,2026-07-02T07:08:49.266+00:00
cmr36aeo20c81v16zngq6gmit,cmr23pgks000fv16zpwg1ms38,novel.pipelineSnapshot,succeeded,novel.pipelineSnapshot:cmr35yao90c4vv16z4e4t9eci,1,"{""novelId"":""cmr23pgks000fv16zpwg1ms38"",""jobId"":""cmr35yao90c4vv16z4e4t9eci"",""label"":""pipeline-cmr35yao""}",1,5,2026-07-02T07:18:14.977+00:00,,,,2026-07-02T07:18:19.443+00:00,2026-07-02T07:18:14.978+00:00,2026-07-02T07:18:19.443+00:00
cmr36gq8t0cafv16zhwuzovmb,cmr23pgks000fv16zpwg1ms38,novel.pipelineSnapshot,succeeded,novel.pipelineSnapshot:cmr36aeys0c84v16zupjb8s2k,1,"{""novelId"":""cmr23pgks000fv16zpwg1ms38"",""jobId"":""cmr36aeys0c84v16zupjb8s2k"",""label"":""pipeline-cmr36aey""}",1,5,2026-07-02T07:23:09.916+00:00,,,,2026-07-02T07:23:14.752+00:00,2026-07-02T07:23:09.917+00:00,2026-07-02T07:23:14.753+00:00
cmr8kfzpy0d2jv16zeyh637oo,cmr23pgks000fv16zpwg1ms38,novel.pipelineSnapshot,succeeded,novel.pipelineSnapshot:cmr8k7n5h0d01v16zoimvetle,1,"{""novelId"":""cmr23pgks000fv16zpwg1ms38"",""jobId"":""cmr8k7n5h0d01v16zoimvetle"",""label"":""pipeline-cmr8k7n5""}",1,5,2026-07-06T01:53:21.045+00:00,,,,2026-07-06T01:53:22.854+00:00,2026-07-06T01:53:21.046+00:00,2026-07-06T01:53:22.854+00:00
cmr8kkwcn0d4vv16zc38w7r2y,cmr23pgks000fv16zpwg1ms38,novel.pipelineSnapshot,succeeded,novel.pipelineSnapshot:cmr8kfzyx0d2lv16zt4t8ajdr,1,"{""novelId"":""cmr23pgks000fv16zpwg1ms38"",""jobId"":""cmr8kfzyx0d2lv16zt4t8ajdr"",""label"":""pipeline-cmr8kfzy""}",1,5,2026-07-06T01:57:09.958+00:00,,,,2026-07-06T01:57:13.022+00:00,2026-07-06T01:57:09.959+00:00,2026-07-06T01:57:13.022+00:00
cmr8ku9il0d7uv16ztimkfpuz,cmr23pgks000fv16zpwg1ms38,novel.pipelineSnapshot,succeeded,novel.pipelineSnapshot:cmr8kkxj90d4xv16z5b41k3ww,1,"{""novelId"":""cmr23pgks000fv16zpwg1ms38"",""jobId"":""cmr8kkxj90d4xv16z5b41k3ww"",""label"":""pipeline-cmr8kkxj""}",1,5,2026-07-06T02:04:26.924+00:00,,,,2026-07-06T02:04:28.369+00:00,2026-07-06T02:04:26.925+00:00,2026-07-06T02:04:28.369+00:00
cmr8l13610daiv16zjgi0hlxr,cmr23pgks000fv16zpwg1ms38,novel.pipelineSnapshot,succeeded,novel.pipelineSnapshot:cmr8ku9uw0d7wv16zhvy0t603,1,"{""novelId"":""cmr23pgks000fv16zpwg1ms38"",""jobId"":""cmr8ku9uw0d7wv16zhvy0t603"",""label"":""pipeline-cmr8ku9u""}",1,5,2026-07-06T02:09:45.288+00:00,,,,2026-07-06T02:09:48.540+00:00,2026-07-06T02:09:45.288+00:00,2026-07-06T02:09:48.540+00:00
cmr8lan1t0ddpv16z7qpn5wao,cmr23pgks000fv16zpwg1ms38,novel.pipelineSnapshot,succeeded,novel.pipelineSnapshot:cmr8l13pq0dakv16zv9qwudw2,1,"{""novelId"":""cmr23pgks000fv16zpwg1ms38"",""jobId"":""cmr8l13pq0dakv16zv9qwudw2"",""label"":""pipeline-cmr8l13p""}",1,5,2026-07-06T02:17:10.961+00:00,,,,2026-07-06T02:17:13.923+00:00,2026-07-06T02:17:10.961+00:00,2026-07-06T02:17:13.924+00:00
cmr8lk7v90dglv16z41hy6kfo,cmr23pgks000fv16zpwg1ms38,novel.pipelineSnapshot,succeeded,novel.pipelineSnapshot:cmr8lanim0ddsv16zuqx8oi7w,1,"{""novelId"":""cmr23pgks000fv16zpwg1ms38"",""jobId"":""cmr8lanim0ddsv16zuqx8oi7w"",""label"":""pipeline-cmr8lani""}",1,5,2026-07-06T02:24:37.845+00:00,,,,2026-07-06T02:24:39.718+00:00,2026-07-06T02:24:37.845+00:00,2026-07-06T02:24:39.719+00:00
cmr8ltjfj0djsv16zwx753aw0,cmr23pgks000fv16zpwg1ms38,novel.pipelineSnapshot,succeeded,novel.pipelineSnapshot:cmr8lk8zp0dgov16zbn7ashcm,1,"{""novelId"":""cmr23pgks000fv16zpwg1ms38"",""jobId"":""cmr8lk8zp0dgov16zbn7ashcm"",""label"":""pipeline-cmr8lk8z""}",1,5,2026-07-06T02:31:52.734+00:00,,,,2026-07-06T02:32:10.680+00:00,2026-07-06T02:31:52.735+00:00,2026-07-06T02:32:10.680+00:00
