id,novelId,sourceChapterId,summary,rawStateJson,createdAt,updatedAt
cmr261wze048bv16zho19qw9d,cmr23pgks000fv16zpwg1ms38,cmr24zoaz01rhv16zmcjv20hl,主角阿条在茶水间亲密接触后建立禁忌意识，两人伪装陌生人，秘密关系风险上升。,"{""summary"":""主角阿条在茶水间亲密接触后建立禁忌意识，两人伪装陌生人，秘密关系风险上升。"",""characterStates"":[{""characterId"":""cmr23zj4j004tv16zlc1ewt6u"",""currentGoal"":""隐藏与阿力的秘密关系，同时控制自己情感"",""emotion"":""恐惧、刺激、困惑、生气"",""stressLevel"":75,""secretExposure"":""与阿力的禁忌关系，仅两人和读者知晓"",""knownFactsJson"":""[\""阿力在茶水间主动行动\"",\""阿力发消息“你稳？”\"",\""阿力在工位表演正常\""]"",""misbeliefsJson"":null,""summary"":""阿条经历了危险刺激，内心明确产生禁忌意识，对阿力的真实态度产生猜疑。""},{""characterId"":""cmr23zj4y004uv16zh1dm72nm"",""currentGoal"":""保持与阿条的暧昧关系，同时维持职场正常"",""emotion"":""强势、冷静、可能失望"",""stressLevel"":50,""secretExposure"":""与阿条的禁忌关系"",""knownFactsJson"":""[\""阿条推开他并说“我们不能这样”\"",\""阿条没有回复消息\""]"",""misbeliefsJson"":null,""summary"":""阿力在茶水间主动出击，被拒绝后恢复冷漠，在同事面前表演自然，用暗语试探阿条。""}],""relationStates"":[{""sourceCharacterId"":""cmr23zj4j004tv16zlc1ewt6u"",""targetCharacterId"":""cmr23zj4y004uv16zh1dm72nm"",""trustScore"":null,""intimacyScore"":null,""conflictScore"":null,""dependencyScore"":null,""summary"":null}],""informationStates"":[{""holderType"":""reader"",""holderRefId"":null,""fact"":""阿条在茶水间推开阿力并说出“我们不能这样”，内心感到裂缝。"",""status"":""known"",""summary"":""读者了解阿条的全部内心活动。""}],""foreshadowStates"":[{""title"":""秘密关系伪装"",""summary"":""秘密关系的伪装在茶水间事件后继续，两人在同事面前表演陌生人。"",""status"":""pending_payoff"",""setupChapterId"":""cmr24zoaz01rhv16zmcjv20hl"",""payoffChapterId"":null},{""title"":""阿条禁忌意识"",""summary"":""阿条明确说出“我们不能这样”，禁忌意识建立。"",""status"":""pending_payoff"",""setupChapterId"":""cmr24zoaz01rhv16zmcjv20hl"",""payoffChapterId"":null},{""title"":""暗语系统扩展"",""summary"":""阿力使用新暗语“你稳？”，暗语系统扩展。"",""status"":""hinted"",""setupChapterId"":""cmr24zoaz01rhv16zmcjv20hl"",""payoffChapterId"":null}]}",2026-07-01T14:23:52.634+00:00,2026-07-01T15:36:02.370+00:00
cmr269sr004b3v16zvdhpsups,cmr23pgks000fv16zpwg1ms38,cmr24zob501riv16zlk7xxqvy,阿条从惊魂未定进入享受秘密游戏状态，同时保留警觉；阿力展现掌控感并邀约；小菲怀疑加剧但无证据。,"{""summary"":""阿条从惊魂未定进入享受秘密游戏状态，同时保留警觉；阿力展现掌控感并邀约；小菲怀疑加剧但无证据。"",""characterStates"":[{""characterId"":""cmr23zj4j004tv16zlc1ewt6u"",""currentGoal"":""决定如何回应阿力的夜晚邀约"",""emotion"":""兴奋、紧张"",""stressLevel"":65,""secretExposure"":""读者知悉她与阿力的秘密互动，同事未察觉"",""knownFactsJson"":""[\""阿力在走廊夸她“演得不错”\"",\""阿力发出夜晚邀约\"",\""小菲在试探她和阿力的关系\"",\""陈默发来问候但她感到疏离\""]"",""misbeliefsJson"":null,""summary"":""阿条成功扮演陌生人后获得阿力认可，开始享受秘密游戏刺激，但面对邀约时仍紧张迟疑。""},{""characterId"":""cmr23zj4y004uv16zh1dm72nm"",""currentGoal"":""维持暧昧关系并推进亲密程度"",""emotion"":""轻松、掌控"",""stressLevel"":30,""secretExposure"":""读者知道他主动邀约，但真实态度不明"",""knownFactsJson"":""[\""阿条配合他完成陌生演技\"",\""小菲正在怀疑他们\"",\""阿条享受这场秘密游戏\""]"",""misbeliefsJson"":null,""summary"":""阿力继续主导暧昧节奏，用暗语和邀约巩固同谋关系，表面温和但目的不明。""},{""characterId"":""cmr23zj5u0052v16zbgy6zbi1"",""currentGoal"":""打探阿条与阿力的真实关系"",""emotion"":""怀疑、好奇"",""stressLevel"":20,""secretExposure"":""读者知道她怀疑两人，但她无证据"",""knownFactsJson"":""[\""阿力最近经常下楼吃饭\"",\""阿条声称对阿力没怎么注意\""]"",""misbeliefsJson"":""[\""可能怀疑两人有秘密，但无法证实\""]"",""summary"":""小菲尝试试探阿条，被敷衍后虽未放弃，但暂被蒙混。""}],""relationStates"":[],""informationStates"":[{""holderType"":""reader"",""holderRefId"":null,""fact"":""阿力用“演得不错”认可阿条，两人成为秘密共犯。"",""status"":""known"",""summary"":""读者得知两人默契升级。""},{""holderType"":""reader"",""holderRefId"":null,""fact"":""阿力发出夜晚邀约，阿条未即时回复。"",""status"":""known"",""summary"":""读者处于悬念，期待后续发展。""},{""holderType"":""character"",""fact"":""阿条声称没注意阿力，但她吃不准真假。"",""status"":""unknown"",""summary"":""小菲怀疑但信息不足。""}],""foreshadowStates"":[{""title"":""陈默的问候消息"",""summary"":""陈默发来微信，阿条回复冷淡，兑现第一章伏笔。"",""status"":""paid_off"",""setupChapterId"":""cmr24zoaz01rhv16zmcjv20hl"",""payoffChapterId"":null},{""title"":""阿条的禁忌自觉"",""summary"":""阿条从后怕转为享受刺激，但仍保留底层警觉“我们不能这样”。"",""status"":""hinted"",""setupChapterId"":""cmr24zoaz01rhv16zmcjv20hl"",""payoffChapterId"":null},{""title"":""同事的怀疑升级"",""summary"":""小菲在午餐时试探，怀疑增加但无证据，同事怀疑度提升。"",""status"":""pending_payoff"",""setupChapterId"":""cmr24zoaz01rhv16zmcjv20hl"",""payoffChapterId"":null}]}",2026-07-01T14:30:00.396+00:00,2026-07-01T14:30:00.396+00:00
cmr26feyn04ebv16zh84ifjuv,cmr23pgks000fv16zpwg1ms38,cmr24zob701rjv16zoa3pmbkg,阿条从被动暧昧转为主动制定规则，秘密恋爱关系确立；阿力接受规则，两人进入受职场风险约束的新阶段。,"{""summary"":""阿条从被动暧昧转为主动制定规则，秘密恋爱关系确立；阿力接受规则，两人进入受职场风险约束的新阶段。"",""characterStates"":[{""characterId"":""cmr23zj4j004tv16zlc1ewt6u"",""currentGoal"":""执行秘密恋爱规则，准备明日食堂暗语，在同事眼皮下继续游戏。"",""emotion"":""紧张但兴奋，掌控感中夹杂甜蜜。"",""stressLevel"":50,""secretExposure"":""读者知道她与阿力确立秘密关系并制定了规则。"",""knownFactsJson"":""[\""阿力同意她制定的全部规则和附加条件。\"",\""明日中午食堂阿力将坐在对面隔一个座位。\"",\""阿力要求她坦诚，别让他猜。\"",\""自己保留了草莓糖纸。\""]"",""misbeliefsJson"":null,""summary"":""阿条主动制定规则，从被动卷入者变为关系掌控者，但依然保持对暴露风险的警觉。""},{""characterId"":""cmr23zj4y004uv16zh1dm72nm"",""currentGoal"":""遵守阿条的规则，在隐蔽中推进关系。"",""emotion"":""放松，隐约满意，但真实态度仍有保留。"",""stressLevel"":40,""secretExposure"":""读者知道他与阿条确立秘密关系并接受规则。"",""knownFactsJson"":""[\""阿条制定了秘密恋爱规则。\"",\""明日食堂计划。\"",\""需要不让她猜。\""]"",""misbeliefsJson"":null,""summary"":""阿力接受了阿条的规则，请求坦诚，关系进入明确但受约束的地下阶段。""}],""relationStates"":[{""sourceCharacterId"":""cmr23zj4j004tv16zlc1ewt6u"",""targetCharacterId"":""cmr23zj4y004uv16zh1dm72nm"",""trustScore"":null,""intimacyScore"":null,""conflictScore"":null,""dependencyScore"":null,""summary"":null}],""informationStates"":[{""holderType"":""reader"",""holderRefId"":null,""fact"":""阿条和阿力正式确立秘密恋爱关系，制定三条规则及附加条件，约定明日食堂暗号。"",""status"":""known"",""summary"":""读者掌握关系突破的关键信息。""}],""foreshadowStates"":[{""title"":""阿力的夜晚邀约"",""summary"":""本章阿条赴约天台，邀约兑现。"",""status"":""paid_off"",""setupChapterId"":""cmr24zob501riv16zlk7xxqvy"",""payoffChapterId"":null},{""title"":""阿条的禁忌自觉"",""summary"":""阿条仍感暴露恐惧，但主动管理风险，禁忌意识转变为行动规则。"",""status"":""pending_payoff"",""setupChapterId"":""cmr24zoaz01rhv16zmcjv20hl"",""payoffChapterId"":null},{""title"":""秘密关系规则"",""summary"":""阿条制定三条规则及附加条件，为后续偷情日常提供框架。"",""status"":""setup"",""setupChapterId"":""cmr24zob701rjv16zoa3pmbkg"",""payoffChapterId"":null},{""title"":""食堂暗语"",""summary"":""约定明日食堂隔座而坐，为后续隐蔽相处铺垫。"",""status"":""setup"",""setupChapterId"":""cmr24zob701rjv16zoa3pmbkg"",""payoffChapterId"":null}]}",2026-07-01T14:34:22.463+00:00,2026-07-01T14:34:23.587+00:00
cmr26psce04mov16zi89zlpdj,cmr23pgks000fv16zpwg1ms38,cmr24zob901rkv16z4obgdvth,阿条完成暗语系统建立与测试，获得主导认同，为食堂暗语做准备。同事小菲开始留意二人但未怀疑。阿条的禁忌自觉彻底消退，转为享受刺激。,"{""summary"":""阿条完成暗语系统建立与测试，获得主导认同，为食堂暗语做准备。同事小菲开始留意二人但未怀疑。阿条的禁忌自觉彻底消退，转为享受刺激。"",""characterStates"":[{""characterId"":""cmr23zj4j004tv16zlc1ewt6u"",""currentGoal"":""成功测试暗语系统，为明日食堂暗语游戏确认规则"",""emotion"":""刺激、期待，略带紧张但掌控感强"",""stressLevel"":55,""secretExposure"":""与阿力保持秘密沟通，在同事面前表演疏离"",""knownFactsJson"":""[\""暗语系统已建立并加密，新增菠萝包和明天的菜谱\"",\""食堂规则包括椅子偏移\"",\""阿力接受规则但会主动调整\""]"",""misbeliefsJson"":null,""summary"":""阿条从被动享受转为规则制定者，初尝主导禁忌游戏的甜蜜刺激，心理防线彻底转向接纳。""},{""characterId"":""cmr23zj4y004uv16zh1dm72nm"",""currentGoal"":""配合阿条的规则，同时通过细微调整保持自身主动性"",""emotion"":""轻松、配合，但态度仍有所保留"",""stressLevel"":40,""secretExposure"":""成为阿条的秘密恋人，共同维护表演"",""knownFactsJson"":""[\""暗语系统全部条目\"",\""食堂规则及偏移许可\"",\""阿条已完全投入游戏\""]"",""misbeliefsJson"":null,""summary"":""阿力接受阿条的主导，但用加暗语、要求偏移等方式为自己留出空间，真实态度依旧模糊。""},{""characterId"":""cmr23zj5u0052v16zbgy6zbi1"",""currentGoal"":""维持日常工作与社交，对阿力和阿条的关系开始留意但未深入"",""emotion"":""好奇、隐约察觉异样但未警惕"",""stressLevel"":30,""secretExposure"":""不知道两人秘密关系"",""knownFactsJson"":""[\""阿力近期常独自行动\"",\""阿条在食堂主动换座到阿力附近\"",\""两人在打印室曾单独相处\""]"",""misbeliefsJson"":""[\""可能认为阿力和阿条只是普通同事\""]"",""summary"":""小菲捕捉到两人互动的微妙痕迹，但尚未形成怀疑，为后续升级埋下基础。""}],""relationStates"":[],""informationStates"":[{""holderType"":""reader"",""holderRefId"":null,""fact"":""暗语系统包括九条基础暗语，新增菠萝包和明天的菜谱，食堂规则确定，阿力会偏移椅子。"",""status"":""known"",""summary"":""读者知晓完整规则，期待明天食堂场景。""},{""holderType"":""reader"",""holderRefId"":null,""fact"":""小菲在打印室撞见二人，食堂注意到阿条换座，但未识破秘密。"",""status"":""known"",""summary"":""读者知道同事怀疑的种子已埋下。""}],""foreshadowStates"":[{""title"":""暗号库与苏打水"",""summary"":""暗语系统建立并经过打印室、食堂、天台测试，为明日食堂正式使用做足准备。"",""status"":""pending_payoff"",""setupChapterId"":""cmr24zob701rjv16zoa3pmbkg"",""payoffChapterId"":null},{""title"":""同事怀疑升级"",""summary"":""小菲在打印室和食堂留意到异常，怀疑种子无声埋下。"",""status"":""pending_payoff"",""setupChapterId"":""cmr24zob501riv16zlk7xxqvy"",""payoffChapterId"":null},{""title"":""陈默的再次问候"",""summary"":""陈默发来微信，阿条冷淡回应，维持联系，暗示昔日感情渐远。"",""status"":""hinted"",""setupChapterId"":""cmr24zoaz01rhv16zmcjv20hl"",""payoffChapterId"":null},{""title"":""阿条的禁忌自觉"",""summary"":""阿条完全放下‘我们不能这样’的挣扎，主动拥抱秘密关系，禁忌自觉兑现。"",""status"":""paid_off"",""setupChapterId"":""cmr24zoaz01rhv16zmcjv20hl"",""payoffChapterId"":""cmr24zob901rkv16z4obgdvth""}]}",2026-07-01T14:42:26.366+00:00,2026-07-01T14:42:26.366+00:00
cmr26y8qz04ppv16zakxqwzrs,cmr23pgks000fv16zpwg1ms38,cmr24zobb01rlv16z1chjyonq,阿条完成暗语实战测试，新增食堂偏移规则，刺激成瘾；阿力配合默契并主动加量规则；小菲留意手链但未识破。,"{""summary"":""阿条完成暗语实战测试，新增食堂偏移规则，刺激成瘾；阿力配合默契并主动加量规则；小菲留意手链但未识破。"",""characterStates"":[{""characterId"":""cmr23zj4j004tv16zlc1ewt6u"",""currentGoal"":""成功完成食堂暗语游戏，在公开场合完成全套表演，确认自己能在阿力靠近时保持稳定。"",""emotion"":""刺激、兴奋、后怕、期待"",""stressLevel"":40,""secretExposure"":""未被同事发现，但小菲开始留意。"",""knownFactsJson"":""[\""暗语系统实战测试通过，新增编码芒果=危险，菠萝包多义性。\"",\""阿力配合默契，主动增加暗语规则。\"",\""食堂暗语游戏规则确认：椅子偏移三厘米。\"",\""小菲询问阿力手链，阿力未透露实情。\""]"",""misbeliefsJson"":null,""summary"":""阿条在茶水间脱险后体验到刺激上瘾，为明日食堂暗语制定新目标，心理防线彻底转向主动寻求冒险。""},{""characterId"":""cmr23zj4y004uv16zh1dm72nm"",""currentGoal"":""配合阿条完成测试，通过主动添加暗语规则保持自身主动性。"",""emotion"":""冷静、默契、保留"",""stressLevel"":20,""secretExposure"":""同阿条，未暴露。"",""knownFactsJson"":""[\""暗语测试成功，新增椅子偏移规则。\"",\""小菲开始留意手链，已模糊应对。\""]"",""misbeliefsJson"":null,""summary"":""阿力在脱险中配合完美，并通过主动加量规则暗示主导权，真实态度仍模糊。""},{""characterId"":""cmr23zj5u0052v16zbgy6zbi1"",""currentGoal"":""调查阿力手链来源，留意阿条与阿力的互动。"",""emotion"":""好奇、试探"",""stressLevel"":10,""secretExposure"":""仅怀疑，不知内情。"",""knownFactsJson"":""[\""阿力手链是朋友送的，不透露细节。\"",\""阿条和阿力在茶水间独自相处，但行为表面正常。\""]"",""misbeliefsJson"":null,""summary"":""小菲开始主动试探二人关系，但未得到决定性证据。""}],""relationStates"":[],""informationStates"":[{""holderType"":""reader"",""holderRefId"":null,""fact"":""阿条和阿力用暗语成功策划茶水间私会并脱险。"",""status"":""known"",""summary"":""读者已掌握""},{""holderType"":""reader"",""holderRefId"":null,""fact"":""新增暗语规则：椅子偏移上限三厘米。"",""status"":""known"",""summary"":null},{""holderType"":""reader"",""holderRefId"":null,""fact"":""阿条新增编码：芒果代表危险信号，菠萝包多义性。"",""status"":""known"",""summary"":null}],""foreshadowStates"":[{""title"":""暗号库与苏打水"",""summary"":""暗语系统实战测试成功，新增编码，待食堂游戏进一步兑现。"",""status"":""pending_payoff"",""setupChapterId"":""cmr24zobb01rlv16z1chjyonq"",""payoffChapterId"":null},{""title"":""同事怀疑升级"",""summary"":""小菲主动询问手链，试探二人关系，怀疑初步建立。"",""status"":""hinted"",""setupChapterId"":""cmr24zobb01rlv16z1chjyonq"",""payoffChapterId"":null},{""title"":""食堂暗语"",""summary"":""食堂暗语规则最终确认，椅子偏移上限三厘米，阿条目标完成全套表演。"",""status"":""pending_payoff"",""setupChapterId"":""cmr24zobb01rlv16z1chjyonq"",""payoffChapterId"":null}]}",2026-07-01T14:49:00.875+00:00,2026-07-01T14:49:00.875+00:00
cmr274qxw04skv16zz42ick5d,cmr23pgks000fv16zpwg1ms38,cmr24zobd01rmv16z1nhh9ss5,阿条心态转变，从被动刺激转为主动沉溺；阿力以模糊态度接住她的越界，默契加深；同事怀疑暂时无新进展；终将暴露的预感成为新的潜在伏笔。,"{""summary"":""阿条心态转变，从被动刺激转为主动沉溺；阿力以模糊态度接住她的越界，默契加深；同事怀疑暂时无新进展；终将暴露的预感成为新的潜在伏笔。"",""characterStates"":[{""characterId"":""cmr23zj4j004tv16zlc1ewt6u"",""currentGoal"":""在暴露之前尽情探索与阿力的秘密游戏，测试自己的界限"",""emotion"":""兴奋、甜蜜与不安交织"",""stressLevel"":70,""secretExposure"":""读者知道她主动沉溺，阿力可能部分察觉"",""knownFactsJson"":""[\""阿力同样在享受这场游戏\"",\""自己主动打破规则但没有被拒绝\""]"",""misbeliefsJson"":""[\""认为游戏暂时不会失控\""]"",""summary"":""阿条完成心理跨越，选择主动沉溺，但内心仍有暴露阴影。""},{""characterId"":""cmr23zj4y004uv16zh1dm72nm"",""currentGoal"":""保持默契，观察阿条的变化，不主动推进"",""emotion"":""沉稳愉悦"",""stressLevel"":50,""secretExposure"":""读者无法直接知道他内心，但通过消息确认他在配合享受"",""knownFactsJson"":""[\""阿条今晚的行为暗示她投入更深\""]"",""misbeliefsJson"":null,""summary"":""阿力通过接住阿条的越界消息，暗示自己也在玩同一场游戏，但真实态度依然模糊。""}],""relationStates"":[{""sourceCharacterId"":""cmr23zj4j004tv16zlc1ewt6u"",""targetCharacterId"":""cmr23zj4y004uv16zh1dm72nm"",""trustScore"":null,""intimacyScore"":null,""conflictScore"":null,""dependencyScore"":null,""summary"":null}],""informationStates"":[{""holderType"":""reader"",""holderRefId"":null,""fact"":""阿条选择在暴露前沉溺于秘密游戏，且阿力同样享受这场游戏。"",""status"":""known"",""summary"":""读者现在完全了解两人的心理状态，但角色之间仍有保留。""},{""holderType"":""character"",""fact"":""阿力同样享受这场游戏"",""status"":""known_by_character"",""summary"":""阿条通过消息确认阿力也在享受，但不清楚对方的具体意图。""}],""foreshadowStates"":[{""title"":""阿条的沉溺心态"",""summary"":""阿条从被动到主动的心态转变，预示未来可能更冒险的行为，以及暴露风险上升。"",""status"":""setup"",""setupChapterId"":""cmr24zobd01rmv16z1nhh9ss5"",""payoffChapterId"":null},{""title"":""终将暴露的预感"",""summary"":""阿条入睡前预感暴露终会到来，为后续危机埋下心理铺垫。"",""status"":""setup"",""setupChapterId"":""cmr24zobd01rmv16z1nhh9ss5"",""payoffChapterId"":null},{""title"":""暗语系统扩展"",""summary"":""“稳”成为新的暗语，暗语系统进一步融入日常沟通。"",""status"":""hinted"",""setupChapterId"":""cmr24zob701rjv16zoa3pmbkg"",""payoffChapterId"":null},{""title"":""同事怀疑升级"",""summary"":""本章无新同事怀疑事件，阿条复盘无破绽，怀疑暂时缓和，但小菲仍在留意。"",""status"":""hinted"",""setupChapterId"":""cmr24zoaz01rhv16zmcjv20hl"",""payoffChapterId"":null}]}",2026-07-01T14:54:04.387+00:00,2026-07-01T14:54:04.387+00:00
cmr27cokx04w6v16z86qss28o,cmr23pgks000fv16zpwg1ms38,cmr24zobf01rnv16zemm40alv,阿条启动嫉妒试探，团建冷战决心已定；阿力以模糊信号回应；关系首次出现裂痕。,"{""summary"":""阿条启动嫉妒试探，团建冷战决心已定；阿力以模糊信号回应；关系首次出现裂痕。"",""characterStates"":[{""characterId"":""cmr23zj4j004tv16zlc1ewt6u"",""currentGoal"":""通过刻意疏远和制造第三方场景，测试阿力的反应，确认自己在他心中的位置"",""emotion"":""嫉妒、不甘、占有欲"",""stressLevel"":70,""secretExposure"":""读者知道她嫉妒试探，但同事未察觉"",""knownFactsJson"":""[\""阿力对小菲的关心保持温和但模糊的边界\"",\""她用李响刺激阿力后，阿力用“今天稳”回应\"",\""小菲对阿力有好感并主动接近\""]"",""misbeliefsJson"":null,""summary"":""阿条从主动沉溺转为嫉妒试探，决心在团建中继续冷处理，以保护自尊和测试阿力。""},{""characterId"":""cmr23zj5u0052v16zbgy6zbi1"",""currentGoal"":""接近阿力，试探其态度，增强个人好感度"",""emotion"":""积极、好奇"",""stressLevel"":30,""secretExposure"":""无"",""knownFactsJson"":""[\""阿力手链是旧物，并非新换\"",\""阿力对她的关心保持礼貌距离\""]"",""misbeliefsJson"":null,""summary"":""小菲不再仅调查手链，转而主动关心阿力，好感表现更明显。""}],""relationStates"":[],""informationStates"":[{""holderType"":""reader"",""holderRefId"":null,""fact"":""阿条因小菲接近阿力产生嫉妒，决心在团建中冷处理阿力。"",""status"":""known"",""summary"":""读者知道冷战即将开始，关系出现首次不和谐音。""}],""foreshadowStates"":[{""title"":""团建冷战"",""summary"":""阿条决心在团建中与阿力保持距离，预告下一章执行与效果。"",""status"":""hinted"",""setupChapterId"":""cmr24zobf01rnv16zemm40alv"",""payoffChapterId"":null}]}",2026-07-01T15:00:14.576+00:00,2026-07-01T15:00:14.576+00:00
cmr27yo1p04ynv16zhjb497sh,cmr23pgks000fv16zpwg1ms38,cmr24zobh01rov16z0c34j46e,阿条从主动试探转为疲惫的清醒，意识到未来双面生活漫长；阿力保持默契但未主动破局；小菲追求阿力愈发明显。,"{""summary"":""阿条从主动试探转为疲惫的清醒，意识到未来双面生活漫长；阿力保持默契但未主动破局；小菲追求阿力愈发明显。"",""characterStates"":[{""characterId"":""cmr23zj4j004tv16zlc1ewt6u"",""currentGoal"":""在维持表面距离的同时，试图消化自己正在失去对游戏控制的疲惫感。"",""emotion"":""孤独、疲惫、警惕"",""stressLevel"":78,""secretExposure"":""读者知晓她已经感到强烈负担，但同事尚不察觉"",""knownFactsJson"":""[\""小菲对阿力的追求已从试探变为明显主动\"",\""阿力在团建中通过‘稳不稳’的暗语和攀岩时的对视回应了她的存在\"",\""陈默邀约下周六聚餐\""]"",""misbeliefsJson"":null,""summary"":""阿条从享受刺激转为负担，首次意识到这场游戏可能长时间持续且令人疲惫。""},{""characterId"":""cmr23zj4y004uv16zh1dm72nm"",""currentGoal"":""保持默契，通过暗语和眼神向阿条传递‘我还在’，但不主动打破距离。"",""emotion"":""模糊、克制"",""stressLevel"":55,""secretExposure"":""阿条通过眼神接受到确认信号"",""knownFactsJson"":""[\""阿条在团建中维持距离策略\"",\""小菲对自己不断示好\""]"",""misbeliefsJson"":null,""summary"":""阿力行为上配合小菲的靠近，但通过极简信息与眼神保住了与阿条的暗号连接。""},{""characterId"":""cmr23zj5u0052v16zbgy6zbi1"",""currentGoal"":""继续接近阿力，通过各类互动提升接触机会和熟悉度。"",""emotion"":""雀跃、主动"",""stressLevel"":40,""secretExposure"":""同事可能已注意到她对阿力的关注"",""knownFactsJson"":""[\""阿力在游戏中配合自己，不排斥近距离接触\""]"",""misbeliefsJson"":null,""summary"":""小菲对阿力的好感表现进一步升级，从送咖啡到主动搭档，并借助集体活动推进个人意图。""}],""relationStates"":[{""sourceCharacterId"":""cmr23zj5u0052v16zbgy6zbi1"",""targetCharacterId"":""cmr23zj4y004uv16zh1dm72nm"",""trustScore"":null,""intimacyScore"":null,""conflictScore"":null,""dependencyScore"":null,""summary"":null},{""sourceCharacterId"":""cmr23zj4j004tv16zlc1ewt6u"",""targetCharacterId"":""cmr23zj4y004uv16zh1dm72nm"",""trustScore"":null,""intimacyScore"":null,""conflictScore"":null,""dependencyScore"":null,""summary"":null}],""informationStates"":[{""holderType"":""reader"",""holderRefId"":null,""fact"":""阿条对这场秘密关系的热情正在消退，开始意识到伪装带来的巨大代价。"",""status"":""known"",""summary"":""读者了解到阿条的认知发生转折，为后续信任危机与心力交瘁埋下伏笔。""},{""holderType"":""reader"",""holderRefId"":null,""fact"":""小菲对阿力的追求已从试探变为公开，且阿力未表现出拒绝。"",""status"":""known"",""summary"":""读者看到小菲行为升级，感到阿条的压力来源正在强化。""}],""foreshadowStates"":[{""title"":""团建距离策略与眼神暗语默契"",""summary"":""阿条在本章执行了冷处理策略，通过不同车、避免同组、只接受眼神交流等方式完成团建中的刻意疏离，阿力以攀岩回视完成默契确认。"",""status"":""paid_off"",""setupChapterId"":""cmr24zobh01rov16z0c34j46e"",""payoffChapterId"":null},{""title"":""阿条沉溺心态转折"",""summary"":""阿条从刺激上瘾转为清醒负担，标志着此前沉溺心态已结束。"",""status"":""paid_off"",""setupChapterId"":""cmr24zobh01rov16z0c34j46e"",""payoffChapterId"":null},{""title"":""终将暴露的预感"",""summary"":""阿条深夜预感未来某天可能连眼神都传递不出去，暴露的恐惧进一步强化。"",""status"":""pending_payoff"",""setupChapterId"":""cmr24zobd01rmv16z1nhh9ss5"",""payoffChapterId"":null},{""title"":""预见眼神断裂"",""summary"":""阿条在孤独中预感到未来某天连眼神暗语都可能失去，为后续信任危机与猜疑种下种子。"",""status"":""setup"",""setupChapterId"":""cmr24zobh01rov16z0c34j46e"",""payoffChapterId"":null}]}",2026-07-01T15:17:20.317+00:00,2026-07-01T15:17:20.317+00:00
cmr284zx4051cv16zc77oi5jc,cmr23pgks000fv16zpwg1ms38,cmr24zobj01rpv16zet3olxnq,阿条在同事试探下否认关系，但内心因阿力冷拒绝而疲惫加剧；李晴怀疑加深；阿力回避公共互动；读者得知陈默聚会信息，同事怀疑已浮上水面。,"{""summary"":""阿条在同事试探下否认关系，但内心因阿力冷拒绝而疲惫加剧；李晴怀疑加深；阿力回避公共互动；读者得知陈默聚会信息，同事怀疑已浮上水面。"",""characterStates"":[{""characterId"":""cmr23zj4j004tv16zlc1ewt6u"",""currentGoal"":""消化疲惫，试图确认阿力状态但受挫，对游戏产生质疑"",""emotion"":""疲惫、受伤、迷茫"",""stressLevel"":75,""secretExposure"":""读者知道她对阿力冷落感到心寒，但阿力不知"",""knownFactsJson"":""[\""陈默下周六晚聚会\"",\""阿力今日完全回避互动\""]"",""misbeliefsJson"":null,""summary"":""阿条在试探中多面受挫，开始怀念过去无忧的状态，怀疑当前策略的意义。""},{""characterId"":""cmr23zj5u0052v16zbgy6zbi1"",""currentGoal"":""继续接近阿力，提升接触机会"",""emotion"":""困惑但坚持"",""stressLevel"":40,""secretExposure"":null,""knownFactsJson"":""[\""阿力对自己说话很少\""]"",""misbeliefsJson"":null,""summary"":""小菲在食堂跟随阿力，但遭遇极简回应，仍不放弃。""},{""characterId"":""cmr23zj58004wv16zpaestpwt"",""currentGoal"":""做好工作，同时观察阿条与阿力的关系"",""emotion"":""好奇、计算"",""stressLevel"":50,""secretExposure"":null,""knownFactsJson"":""[\""阿力行为近期古怪\"",\""阿条否认与阿力有关\""]"",""misbeliefsJson"":null,""summary"":""李晴试探阿条，留意阿力异常，并可能私下与阿力沟通。""}],""relationStates"":[],""informationStates"":[{""holderType"":""reader"",""holderRefId"":null,""fact"":""李晴在试探阿条的途中，留意到阿力行为异常，并可能私下与阿力沟通。"",""status"":""known"",""summary"":""读者意识到同事怀疑已经从隐约变为较明确。""},{""holderType"":""reader"",""holderRefId"":null,""fact"":""阿力拒绝阿条的当众接触，且没有给出任何暗语或眼神。"",""status"":""known"",""summary"":""读者知道阿力在刻意保持距离。""},{""holderType"":""reader"",""holderRefId"":null,""fact"":""陈默下周六晚七点在湖滨烤肉店组织聚会，阿条答应参加。"",""status"":""known"",""summary"":""读者得知聚会时间。""}],""foreshadowStates"":[{""title"":""同事日渐增长的怀疑"",""summary"":""李晴直接试探阿条并留意阿力行为，同时可能已在私下联系阿力，同事怀疑正式浮上水面。"",""status"":""paid_off"",""setupChapterId"":""cmr24zobh01rov16z0c34j46e"",""payoffChapterId"":null},{""title"":""预见眼神断裂"",""summary"":""阿力拒绝接文件，全程未与阿条进行眼神接触，进一步验证了阿条对失去眼神暗号的预感。"",""status"":""hinted"",""setupChapterId"":""cmr24zobh01rov16z0c34j46e"",""payoffChapterId"":null},{""title"":""终将暴露的预感"",""summary"":""李晴的试探与同事的注意让暴露风险升高，阿条内心紧张。"",""status"":""pending_payoff"",""setupChapterId"":""cmr24zobh01rov16z0c34j46e"",""payoffChapterId"":null},{""title"":""冷落突然降临的铺垫"",""summary"":""阿力今日的冷拒绝和回避为后续阿条的冷落与谎言发酵提供铺垫。"",""status"":""setup"",""setupChapterId"":""cmr24zobj01rpv16zet3olxnq"",""payoffChapterId"":null}]}",2026-07-01T15:22:15.640+00:00,2026-07-01T15:22:15.640+00:00
cmr28ct4i054lv16zo559rqej,cmr23pgks000fv16zpwg1ms38,cmr24zobt01rqv16zbto61e2r,阿条从困惑转为不安，猜疑萌芽；阿力持续回避，未给出解释；李晴观察加深；读者知道阿力在刻意保持距离。,"{""summary"":""阿条从困惑转为不安，猜疑萌芽；阿力持续回避，未给出解释；李晴观察加深；读者知道阿力在刻意保持距离。"",""characterStates"":[{""characterId"":""cmr23zj4j004tv16zlc1ewt6u"",""currentGoal"":""确认阿力状态，转为消极观察与猜疑"",""emotion"":""不安、怀疑"",""stressLevel"":75,""secretExposure"":""读者知道她怀疑阿力隐瞒"",""knownFactsJson"":""[\""阿力拒绝私下邀约和午餐\"",\""阿力在食堂未给眼神或暗语回应\"",\""阿力与小菲一起加班\"",\""暗语“你稳？”已读未回\""]"",""misbeliefsJson"":""[\""阿力可能在隐瞒重要原因\""]"",""summary"":""阿条开始怀疑阿力隐瞒真实原因，决定不再主动。""},{""characterId"":""cmr23zj4y004uv16zh1dm72nm"",""currentGoal"":""保持距离，不主动互动"",""emotion"":""平静但刻意"",""stressLevel"":50,""secretExposure"":""读者不知道他的真实想法"",""knownFactsJson"":""[\""他拒绝了阿条的邀约和午餐\"",\""未回应暗语\""]"",""misbeliefsJson"":null,""summary"":""阿力行为上完全回避阿条，未给出解释。""},{""characterId"":""cmr23zj58004wv16zpaestpwt"",""currentGoal"":""观察阿条与阿力关系"",""emotion"":""好奇"",""stressLevel"":40,""secretExposure"":""读者知道她在观察"",""knownFactsJson"":""[\""阿条情绪不高\"",\""阿力行为古怪\""]"",""misbeliefsJson"":null,""summary"":""李晴继续观察两人，但未深入了解。""},{""characterId"":""cmr23zj5u0052v16zbgy6zbi1"",""currentGoal"":""接近阿力"",""emotion"":""积极"",""stressLevel"":30,""secretExposure"":""无"",""knownFactsJson"":""[\""成功接近阿力一起加班\""]"",""misbeliefsJson"":null,""summary"":""小菲成功接近阿力，可能一起加班。""},{""characterId"":""cmr23zj5m0050v16zyqacdl0n"",""currentGoal"":""组织聚会，联系阿条"",""emotion"":""普通"",""stressLevel"":30,""secretExposure"":""无"",""knownFactsJson"":""[\""阿条答复“尽量”参加聚会\""]"",""misbeliefsJson"":null,""summary"":""陈默邀请阿条参加周六聚会，阿条答复尽量。""}],""relationStates"":[],""informationStates"":[{""holderType"":""reader"",""holderRefId"":null,""fact"":""阿力持续回避阿条，并拒绝私下邀约，未回应暗语。"",""status"":""known"",""summary"":""读者知道阿力回避，但原因未知。""},{""holderType"":""reader"",""holderRefId"":null,""fact"":""阿条决定不再主动发消息。"",""status"":""known"",""summary"":""读者知道阿条进入消极观察状态。""}],""foreshadowStates"":[{""title"":""冷落突然降临与谎言发酵"",""summary"":""阿力持续回避和拒绝，阿条猜疑萌芽，本章已兑现冷落降临。"",""status"":""paid_off"",""setupChapterId"":""cmr24zobj01rpv16zet3olxnq"",""payoffChapterId"":null},{""title"":""预见眼神断裂"",""summary"":""阿力在食堂全程无眼神接触，眼神断裂加剧。"",""status"":""pending_payoff"",""setupChapterId"":""cmr24zobj01rpv16zet3olxnq"",""payoffChapterId"":null},{""title"":""冷落突然降临的铺垫"",""summary"":""铺垫已到位，冷落在本章正式降临。"",""status"":""paid_off"",""setupChapterId"":""cmr24zobj01rpv16zet3olxnq"",""payoffChapterId"":null}]}",2026-07-01T15:28:20.082+00:00,2026-07-01T15:28:20.082+00:00
cmr30u04i0alyv16ziqkumb3b,cmr23pgks000fv16zpwg1ms38,cmr24zobw01rrv16zsmqcorpc,阿条从被动隐忍转为策划主动测试，心态发生关键变化；阿力持续以加班为由回避，表面平静但距离感加强；李晴观察加深但未点破；陈默聚会成为阿条感情出口的潜在触点。,"{""summary"":""阿条从被动隐忍转为策划主动测试，心态发生关键变化；阿力持续以加班为由回避，表面平静但距离感加强；李晴观察加深但未点破；陈默聚会成为阿条感情出口的潜在触点。"",""characterStates"":[{""characterId"":""cmr23zj4j004tv16zlc1ewt6u"",""currentGoal"":""用另一种方式测试阿力，让他暴露真实态度。"",""emotion"":""不甘、猜疑、被冷落，带着赌气与决绝"",""stressLevel"":80,""secretExposure"":""秘密关系未暴露，但可疑行为引起李晴注意"",""knownFactsJson"":""[\""阿力以加班为由回避，不正面回应该是否在躲她\"",\""陈默聚会定于周日晚上七点湖滨烤肉店\"",\""李晴注意到她没睡好并询问\"",\""小菲与阿力互动自然，令她心生醋意\""]"",""misbeliefsJson"":""[\""阿力可能认为她完全可以被晾在一边\"",\""只要不再提问就能保住自尊\""]"",""summary"":""阿条冲破自我约束，在质问失败后将内心动荡转化为行动策划，用聚会邀请作为暂时出口，同时埋下更大试探的种子。""},{""characterId"":""cmr23zj4y004uv16zh1dm72nm"",""currentGoal"":""维持职场正常表象，继续回避阿条"",""emotion"":""表面平静，内心冷漠，隐藏真实情绪"",""stressLevel"":60,""secretExposure"":""秘密关系未暴露"",""knownFactsJson"":""[\""阿条质问他是否在躲\"",\""阿条没有追出电梯，在门关上后返回楼上\""]"",""misbeliefsJson"":null,""summary"":""阿力以加班为借口持续回避，用敷衍言辞应对质问，其冷静态度反而加深了阿条的猜疑。""},{""characterId"":""cmr23zj58004wv16zpaestpwt"",""currentGoal"":""继续观察阿条与阿力的异常，确认聚会"",""emotion"":""关心但不追问"",""stressLevel"":30,""secretExposure"":""对两人真实关系一无所知"",""knownFactsJson"":""[\""阿条没睡好，有明显黑眼圈\"",\""阿力最近话变少了\"",\""阿条确认参加陈默的聚会\""]"",""misbeliefsJson"":null,""summary"":""李晴保持敏感观察，注意到两人状态的细微异常，但不主动介入，只以朋友身份确认聚会。""},{""characterId"":""cmr23zj5u0052v16zbgy6zbi1"",""currentGoal"":""继续接近阿力"",""emotion"":""自然、主动"",""stressLevel"":20,""secretExposure"":""不知情"",""knownFactsJson"":""[\""给阿力带了加糖的咖啡\"",\""与阿力一起讨论数据\""]"",""misbeliefsJson"":null,""summary"":""小菲与阿力的互动进一步坦然，在工作场景中拉近距离，无意中加剧了阿条的醋意和失落。""}],""relationStates"":[],""informationStates"":[{""holderType"":""reader"",""holderRefId"":null,""fact"":""阿条已决定不再直接追问，转而策划一种能逼阿力暴露真实反应的方式，但具体手段尚未成形。"",""status"":""known"",""summary"":""读者获知主角将转入主动测试阶段。""},{""holderType"":""reader"",""holderRefId"":null,""fact"":""阿力用“我这不是在加班吗”等借口敷衍，维持冷漠人设，但内心动机成谜。"",""status"":""known"",""summary"":""读者看到阿力回避的持续，但不知其内心。""}],""foreshadowStates"":[{""title"":""阿力真实态度"",""summary"":""阿力的回避行为更加明显，真实态度仍扑朔迷离。"",""status"":""pending_payoff"",""setupChapterId"":""cmr24zoaz01rhv16zmcjv20hl"",""payoffChapterId"":null},{""title"":""眼神断裂"",""summary"":""电梯中阿力简短对视后即移开目光，眼神断裂进一步加剧。"",""status"":""pending_payoff"",""setupChapterId"":""cmr24zobt01rqv16zbto61e2r"",""payoffChapterId"":null},{""title"":""同事怀疑升级"",""summary"":""李晴注意到阿条黑眼圈和阿力话少，但尚未产生明确怀疑。"",""status"":""pending_payoff"",""setupChapterId"":""cmr24zobj01rpv16zet3olxnq"",""payoffChapterId"":null},{""title"":""陈默干扰"",""summary"":""阿条确认参加陈默聚会，旧友联系即将成为现实干扰。"",""status"":""pending_payoff"",""setupChapterId"":""cmr24zoaz01rhv16zmcjv20hl"",""payoffChapterId"":null},{""title"":""测试阿力计划"",""summary"":""阿条在失眠中决定不再提问而要设计测试，为新冲突埋下伏笔。"",""status"":""setup"",""setupChapterId"":""cmr24zobw01rrv16zsmqcorpc"",""payoffChapterId"":null}]}",2026-07-02T04:45:31.554+00:00,2026-07-02T04:45:31.554+00:00
cmr314mbp0ap4v16zn1dhge8z,cmr23pgks000fv16zpwg1ms38,cmr24zoby01rsv16zxnuxclfi,阿条成功测试阿力，确认其主动疏远，执念形成；阿力彻底划清界限；李晴加深观察；小菲转为专业合作。,"{""summary"":""阿条成功测试阿力，确认其主动疏远，执念形成；阿力彻底划清界限；李晴加深观察；小菲转为专业合作。"",""characterStates"":[{""characterId"":""cmr23zj4j004tv16zlc1ewt6u"",""currentGoal"":""等待阿力解释隐瞒的内容，不主动退出"",""emotion"":""坚定、失落、执念"",""stressLevel"":80,""secretExposure"":""读者知道她已确认阿力疏远且决心等待，但办公室其他人未知"",""knownFactsJson"":""[\""阿力视她为陌生人\"",\""阿力可能在意她的举动（仍有目光）但选择无视\""]"",""misbeliefsJson"":""[\""也许他是在隐瞒而不是不在意，但她不确定\""]"",""summary"":""阿条从主动试探转向被动等待，内心矛盾但执意要一个答案。""},{""characterId"":""cmr23zj4y004uv16zh1dm72nm"",""currentGoal"":""彻底疏远阿条，让她放弃"",""emotion"":""平静、坚决"",""stressLevel"":70,""secretExposure"":""读者通过阿条视角知道他的冷漠行为，但不知原因"",""knownFactsJson"":""[\""阿条在与小刘说话\""]"",""misbeliefsJson"":""[\""可能认为阿条已经不再纠缠\""]"",""summary"":""阿力以公开场合的彻底漠视向阿条传递结束信号，但隐藏原因。""},{""characterId"":""cmr23zj58004wv16zpaestpwt"",""currentGoal"":""密切关注阿条，准备必要时介入"",""emotion"":""关心、迟疑"",""stressLevel"":30,""secretExposure"":""无"",""knownFactsJson"":""[\""阿条状态持续不佳\"",\""阿条与阿力之间气氛尴尬\""]"",""misbeliefsJson"":null,""summary"":""李晴作为好友，察觉到异常但选择继续观察，不贸然行动。""},{""characterId"":""cmr23zj5u0052v16zbgy6zbi1"",""currentGoal"":""以专业合作维持与阿力的同事关系"",""emotion"":""适应、自然"",""stressLevel"":20,""secretExposure"":""无"",""knownFactsJson"":""[\""阿力在工作中认真负责\""]"",""misbeliefsJson"":null,""summary"":""小菲调整与阿力互动方式，转为沉稳同事，原因可能是阿力态度影响。""}],""relationStates"":[{""sourceCharacterId"":""cmr23zj4j004tv16zlc1ewt6u"",""targetCharacterId"":""cmr23zj4y004uv16zh1dm72nm"",""trustScore"":null,""intimacyScore"":null,""conflictScore"":null,""dependencyScore"":null,""summary"":null},{""sourceCharacterId"":""cmr23zj4j004tv16zlc1ewt6u"",""targetCharacterId"":""cmr23zj58004wv16zpaestpwt"",""trustScore"":null,""intimacyScore"":null,""conflictScore"":null,""dependencyScore"":null,""summary"":null},{""sourceCharacterId"":""cmr23zj4y004uv16zh1dm72nm"",""targetCharacterId"":""cmr23zj5u0052v16zbgy6zbi1"",""trustScore"":null,""intimacyScore"":null,""conflictScore"":null,""dependencyScore"":null,""summary"":null}],""informationStates"":[{""holderType"":""reader"",""holderRefId"":null,""fact"":""阿条成功测试阿力并形成执念，阿力行为强化疏远但原因未明。"",""status"":""known"",""summary"":""读者掌握两人状态变化的关键细节。""}],""foreshadowStates"":[{""title"":""阿条等待解释的执念"",""summary"":""阿条决心不退出，等待阿力解释，为后续冲突铺垫。"",""status"":""setup"",""setupChapterId"":""cmr24zoby01rsv16zxnuxclfi"",""payoffChapterId"":null},{""title"":""阿力彻底疏远升级"",""summary"":""阿力将社交互动完全切为陌生人模式，可能引发反弹。"",""status"":""hinted"",""setupChapterId"":""cmr24zoby01rsv16zxnuxclfi"",""payoffChapterId"":null},{""title"":""陈默聚会干扰"",""summary"":""阿力受邀未回复，聚会可能在下一章成为冲突场景。"",""status"":""pending_payoff"",""setupChapterId"":""cmr24zoby01rsv16zxnuxclfi"",""payoffChapterId"":null}]}",2026-07-02T04:53:46.885+00:00,2026-07-02T04:53:46.885+00:00
cmr31ctbm0asrv16z7xp7iw0m,cmr23pgks000fv16zpwg1ms38,cmr24zoc001rtv16zdbja58rs,阿条恐慌并开始主动回避，阿力突然联系但被拒，同事疑心加重，伏笔推进。,"{""summary"":""阿条恐慌并开始主动回避，阿力突然联系但被拒，同事疑心加重，伏笔推进。"",""characterStates"":[{""characterId"":""cmr23zj4j004tv16zlc1ewt6u"",""currentGoal"":""在回避中等待阿力解释，防止秘密暴露"",""emotion"":""恐慌与执念交织"",""stressLevel"":78,""secretExposure"":""她不知道阿力发消息的原因，读者知道她在回避并等待"",""knownFactsJson"":""[\""同事小菲和李晴在议论阿力对某人特别冷淡，直指自己\"",\""阿力突然发消息打破沉默\""]"",""misbeliefsJson"":null,""summary"":""阿条在恐慌中主动回避阿力，但内心执念等待解释，拒绝见面后仍无法释怀。""},{""characterId"":""cmr23zj4y004uv16zh1dm72nm"",""currentGoal"":""意图不明，公开场合仍彻底冷漠，但私下尝试联系"",""emotion"":""不明"",""stressLevel"":60,""secretExposure"":""读者和阿条知道他主动联系，但他不知道阿条偷听同事议论并回避"",""knownFactsJson"":""[\""阿条以加班为由拒绝了他的见面邀请\""]"",""misbeliefsJson"":""[\""可能认为阿条只是因为工作繁忙而拒绝\""]"",""summary"":""阿力维持公开冷漠，但反常地私下联系阿条，行为出现裂口。""},{""characterId"":""cmr23zj58004wv16zpaestpwt"",""currentGoal"":""密切关注阿条与阿力异常，准备必要时介入"",""emotion"":""关心且警惕"",""stressLevel"":45,""secretExposure"":""她参与议论且疑心加重，但未掌握秘密全貌"",""knownFactsJson"":""[\""小菲也注意到阿力对某人异常冷淡\"",\""阿条最近状态不佳且不愿说明\""]"",""misbeliefsJson"":""[\""可能认为阿条遇到了某种职场困境\""]"",""summary"":""李晴加深观察，主动表达支持，成为阿条潜在倾诉对象。""}],""relationStates"":[{""sourceCharacterId"":""cmr23zj4j004tv16zlc1ewt6u"",""targetCharacterId"":""cmr23zj4y004uv16zh1dm72nm"",""trustScore"":null,""intimacyScore"":null,""conflictScore"":null,""dependencyScore"":null,""summary"":null},{""sourceCharacterId"":""cmr23zj58004wv16zpaestpwt"",""targetCharacterId"":""cmr23zj4j004tv16zlc1ewt6u"",""trustScore"":null,""intimacyScore"":null,""conflictScore"":null,""dependencyScore"":null,""summary"":null}],""informationStates"":[{""holderType"":""reader"",""holderRefId"":null,""fact"":""阿条偷听到同事议论并开始主动回避，阿力私下联系被拒，同事怀疑升级。"",""status"":""known"",""summary"":""读者知道关键角色信息差，阿力动机仍悬疑。""}],""foreshadowStates"":[{""title"":""同事怀疑升级"",""summary"":""小菲与李晴的议论使怀疑具体化，几乎指向阿条，升级为明确的同事议论危机。"",""status"":""pending_payoff"",""setupChapterId"":""cmr24zobj01rpv16zet3olxnq"",""payoffChapterId"":null},{""title"":""阿条等待解释的执念"",""summary"":""阿条在回避中仍坚持等待解释，执念强化，成为后续爆发质问的动力。"",""status"":""setup"",""setupChapterId"":""cmr24zoby01rsv16zxnuxclfi"",""payoffChapterId"":null},{""title"":""陈默聚会干扰"",""summary"":""陈默发来聚会提醒，阿条未回复，聚会即将成为压力场景。"",""status"":""pending_payoff"",""setupChapterId"":""cmr24zoby01rsv16zxnuxclfi"",""payoffChapterId"":null},{""title"":""阿力彻底疏远升级"",""summary"":""阿力突然私下联系阿条，疏远行为出现松动，可能进入转折或爆发前夕。"",""status"":""pending_payoff"",""setupChapterId"":""cmr24zobt01rqv16zbto61e2r"",""payoffChapterId"":null}]}",2026-07-02T05:00:09.202+00:00,2026-07-02T05:00:09.202+00:00
cmr31m5sk0avcv16zxfztsnkr,cmr23pgks000fv16zpwg1ms38,cmr24zoc101ruv16zr0qqiis6,阿条从等待解释转为主动质问，撞上冷墙后疲惫放弃主动联系，但内心仍存期待；阿力彻底转为回避，拒绝任何解释；李晴主动介入，试图提供支持；读者得知阿条首次因隐瞒爆发文字争吵，关系恶化。,"{""summary"":""阿条从等待解释转为主动质问，撞上冷墙后疲惫放弃主动联系，但内心仍存期待；阿力彻底转为回避，拒绝任何解释；李晴主动介入，试图提供支持；读者得知阿条首次因隐瞒爆发文字争吵，关系恶化。"",""characterStates"":[{""characterId"":""cmr23zj4j004tv16zlc1ewt6u"",""currentGoal"":""停止主动联系，但内心仍期待阿力主动沟通，同时忧虑明天办公室相处"",""emotion"":""失望、疲惫、残存期待"",""stressLevel"":85,""secretExposure"":""她仍未向同事透露阿力与她的具体关系性质"",""knownFactsJson"":""[\""阿力回复“别多想，为大家好”后已读不回\"",\""阿力可能后悔或不想解释\""]"",""misbeliefsJson"":null,""summary"":""阿条首次因隐瞒本身与阿力发生文字争吵，却被冷处理，失望累积，停止主动发消息但内心仍留期待，为下一阶段冷暴力铺垫。""},{""characterId"":""cmr23zj4y004uv16zh1dm72nm"",""currentGoal"":""用沉默和回避迫使阿条放弃追问，避免任何解释"",""emotion"":""冷漠，可能内心有压力但完全隐藏"",""stressLevel"":70,""secretExposure"":""他仍未解释为何疏远，未公开与阿条的关系"",""knownFactsJson"":""[\""阿条连续发出多条质问消息\"",\""阿条说不会再发消息\""]"",""misbeliefsJson"":null,""summary"":""阿力仅用一句简短回复后彻底已读不回，用冷漠加固壁垒，拒绝沟通。""},{""characterId"":""cmr23zj58004wv16zpaestpwt"",""currentGoal"":""明天午饭与阿条聊聊，试图了解并帮助她"",""emotion"":""关心，轻度担忧"",""stressLevel"":40,""secretExposure"":""她仍未知道阿条与阿力的具体关系"",""knownFactsJson"":""[\""阿条最近状态不对\"",\""陈默聚会阿力还未回复\""]"",""misbeliefsJson"":null,""summary"":""李晴从观察转为主动介入，发起私聊邀约，加深对阿条的关心。""}],""relationStates"":[{""sourceCharacterId"":""cmr23zj4j004tv16zlc1ewt6u"",""targetCharacterId"":""cmr23zj4y004uv16zh1dm72nm"",""trustScore"":null,""intimacyScore"":null,""conflictScore"":null,""dependencyScore"":null,""summary"":null},{""sourceCharacterId"":""cmr23zj58004wv16zpaestpwt"",""targetCharacterId"":""cmr23zj4j004tv16zlc1ewt6u"",""trustScore"":null,""intimacyScore"":null,""conflictScore"":null,""dependencyScore"":null,""summary"":null}],""informationStates"":[{""holderType"":""reader"",""holderRefId"":null,""fact"":""阿条发出多条质问后放弃，阿力全程冷处理，两人关系陷入更深僵局。"",""status"":""known"",""summary"":""读者知道本章沟通完全失败，阿条已承诺不再主动发消息。""},{""holderType"":""reader"",""holderRefId"":null,""fact"":""李晴约明天午饭，陈默聚会定在周六七点且阿力未回复。"",""status"":""known"",""summary"":""读者知道外部事件即将介入，阿力仍对聚会沉默。""}],""foreshadowStates"":[{""title"":""阿条等待解释的执念"",""summary"":""执念已在质问中爆发，但未得到答案，转化为更沉重的失望，继续积蓄。"",""status"":""pending_payoff"",""setupChapterId"":""cmr24zoc101ruv16zr0qqiis6"",""payoffChapterId"":null},{""title"":""阿力彻底疏远升级"",""summary"":""疏远从公开场合蔓延到私人微信，已读不回标志着疏远升级到新高度。"",""status"":""pending_payoff"",""setupChapterId"":""cmr24zoc101ruv16zr0qqiis6"",""payoffChapterId"":null},{""title"":""第一次信任危机与激烈争吵"",""summary"":""文字争吵作为首次主动冲突，虽未激烈但火药味浓，为更大争吵铺垫。"",""status"":""pending_payoff"",""setupChapterId"":""cmr24zoc101ruv16zr0qqiis6"",""payoffChapterId"":null}]}",2026-07-02T05:07:25.268+00:00,2026-07-02T05:07:25.268+00:00
cmr31u2u00ay9v16z0uqj1fsv,cmr23pgks000fv16zpwg1ms38,cmr24zoc301rvv16zsof6hdh2,阿条完成从期待到放弃的心理转折，李晴得知部分秘密后关心升级，阿力持续全面冷漠并可能已将目标调整为彻底封闭。,"{""summary"":""阿条完成从期待到放弃的心理转折，李晴得知部分秘密后关心升级，阿力持续全面冷漠并可能已将目标调整为彻底封闭。"",""characterStates"":[{""characterId"":""cmr23zj4j004tv16zlc1ewt6u"",""currentGoal"":""不再主动联系阿力，戴上面具应对同事，维持职场正常状态"",""emotion"":""心痛但决心已定，疲惫"",""stressLevel"":75,""secretExposure"":""与阿力的秘密关系已被李晴部分知晓"",""knownFactsJson"":""[\""阿力在办公室彻底无视她，包括眼神回避\""]"",""misbeliefsJson"":null,""summary"":""阿条心理转折完成，决定不再主动，但内心仍残留刺痛，准备用防御姿态面对同事。""},{""characterId"":""cmr23zj58004wv16zpaestpwt"",""currentGoal"":""继续支持阿条，关注其情绪，可能尝试进一步帮助"",""emotion"":""关心，担忧"",""stressLevel"":30,""secretExposure"":""获知阿条与阿力的秘密关系细节"",""knownFactsJson"":""[\""阿条和阿力“没有开始，差一点开始”\"",\""阿力对阿条说“别多想，为大家好”\""]"",""misbeliefsJson"":null,""summary"":""李晴从阿条处得知部分真相，关心升级，从观察转为知情的支持者。""},{""characterId"":""cmr23zj4y004uv16zh1dm72nm"",""currentGoal"":""用彻底无视和封闭阻断一切私人交流，维持仅工作关系"",""emotion"":""表面平静，可能内心复杂"",""stressLevel"":40,""secretExposure"":""不知阿条已向李晴坦白"",""knownFactsJson"":""[\""阿条不再发消息\""]"",""misbeliefsJson"":null,""summary"":""阿力持续无视阿条，并将冷漠扩展至其他同事，表现出全面封闭姿态，真实态度未明。""}],""relationStates"":[{""sourceCharacterId"":""cmr23zj4j004tv16zlc1ewt6u"",""targetCharacterId"":""cmr23zj58004wv16zpaestpwt"",""trustScore"":null,""intimacyScore"":null,""conflictScore"":null,""dependencyScore"":null,""summary"":null},{""sourceCharacterId"":""cmr23zj4j004tv16zlc1ewt6u"",""targetCharacterId"":""cmr23zj4y004uv16zh1dm72nm"",""trustScore"":null,""intimacyScore"":null,""conflictScore"":null,""dependencyScore"":null,""summary"":null}],""informationStates"":[{""holderType"":""reader"",""holderRefId"":null,""fact"":""阿条向李晴坦白部分秘密，决定不再主动，阿力全面冷漠"",""status"":""known"",""summary"":""读者得知阿条心理转折和李晴知情，关系进一步恶化。""}],""foreshadowStates"":[{""title"":""阿条戴上面具防御"",""summary"":""阿条决心戴上面具应对同事试探，为下一章外界压力做铺垫。"",""status"":""setup"",""setupChapterId"":""cmr24zoc301rvv16zsof6hdh2"",""payoffChapterId"":null}]}",2026-07-02T05:13:34.680+00:00,2026-07-02T05:13:34.680+00:00
cmr320isd0b1gv16zy3msz950,cmr23pgks000fv16zpwg1ms38,cmr24zoc501rwv16zvt0vmmu0,阿条成功识破小菲的试探并反问转移，心理防线从被动转为主动构筑；确认同事私下议论后，决心在周六聚餐中与阿力保持距离，准备接受集体场合的考验。,"{""summary"":""阿条成功识破小菲的试探并反问转移，心理防线从被动转为主动构筑；确认同事私下议论后，决心在周六聚餐中与阿力保持距离，准备接受集体场合的考验。"",""characterStates"":[{""characterId"":""cmr23zj4j004tv16zlc1ewt6u"",""currentGoal"":""在周六聚餐中与阿力保持距离，不露破绽，应对同事可能的观察与试探"",""emotion"":""警觉且决心坚定，但独处时仍有脆弱"",""stressLevel"":75,""secretExposure"":""同事怀疑有暧昧但未抓到实质，议论范围可能扩大"",""knownFactsJson"":""[\""小菲的试探目的是确认她是否因私事影响状态\"",\""陈默曾告诫阿力办公室恋情，阿力仅冷淡回复“知道了”\"",\""周六聚餐需要统一坐大巴，与阿力同场但必须疏远\""]"",""misbeliefsJson"":""[\""可能仍认为阿力筑墙是为了保护她，而不全是疏远\""]"",""summary"":""阿条从被动承受转为主动防御，内心虽仍有脆弱，但已开始以“表演者”身份为聚餐做心理准备。""}],""relationStates"":[],""informationStates"":[{""holderType"":""reader"",""holderRefId"":null,""fact"":""小菲用咖啡试探阿条，阿条识破并利用反问转移话题。"",""status"":""known"",""summary"":""读者知道试探事件全过程及阿条的应对。""},{""holderType"":""reader"",""holderRefId"":null,""fact"":""陈默透露阿力对办公室恋情告诫的反应极为冷淡。"",""status"":""known"",""summary"":""读者获得关于阿力早期态度的侧面信息。""}],""foreshadowStates"":[{""title"":""阿条戴上面具防御"",""summary"":""阿条通过识破小菲试探并反问，成功将防御姿态外化为主动操作，兑现了戴上面具的伏笔。"",""status"":""paid_off"",""setupChapterId"":""cmr24zoc301rvv16zsof6hdh2"",""payoffChapterId"":""cmr24zoc501rwv16zvt0vmmu0""},{""title"":""审校问题：小菲目标转变缺失"",""summary"":""小菲在本章以咖啡为道具试探阿条，表明其目标已从维持与阿力的同事关系转为关注并调查阿条对阿力态度的影响。"",""status"":""paid_off"",""setupChapterId"":""cmr24zobd01rmv16z1nhh9ss5"",""payoffChapterId"":null}]}",2026-07-02T05:18:35.293+00:00,2026-07-02T05:18:35.293+00:00
cmr3276tl0b3sv16zkevspf7x,cmr23pgks000fv16zpwg1ms38,cmr24zoc701rxv16z1uyp5r52,阿条完成聚餐考验，与阿力全程零互动，内心从表演状态转为冰冷麻木，关系彻底进入冷冻期。,"{""summary"":""阿条完成聚餐考验，与阿力全程零互动，内心从表演状态转为冰冷麻木，关系彻底进入冷冻期。"",""characterStates"":[{""characterId"":""cmr23zj4j004tv16zlc1ewt6u"",""currentGoal"":""在绝望中等待可能不存在的回应，压抑崩溃情绪"",""emotion"":""冰冷麻木"",""stressLevel"":90,""secretExposure"":""未暴露，成功表演"",""knownFactsJson"":""[\""阿力声称家里有急事提前离席\""]"",""misbeliefsJson"":null,""summary"":""阿条成功执行疏离策略，与阿力零互动，内心从强撑转为冰冷麻木，独自在黑暗中等待。""}],""relationStates"":[],""informationStates"":[{""holderType"":""reader"",""holderRefId"":null,""fact"":""阿力以家里急事为由离场，但真实性存疑"",""status"":""known"",""summary"":""读者知道离场理由，但不确定是否真实""}],""foreshadowStates"":[{""title"":""聚餐暴露危机"",""summary"":""阿条在团队聚餐中成功保持距离，未引起同事怀疑，但阿力提前离场，暴露风险未完全消除。"",""status"":""pending_payoff"",""setupChapterId"":""cmr24zoc501rwv16zvt0vmmu0"",""payoffChapterId"":null},{""title"":""深夜手机亮起"",""summary"":""阿条在黑暗房间等待，不确定能否等到回应，为第18章手机亮起埋下强烈期待。"",""status"":""setup"",""setupChapterId"":""cmr24zoc701rxv16z1uyp5r52"",""payoffChapterId"":null}]}",2026-07-02T05:23:46.377+00:00,2026-07-02T05:23:46.377+00:00
cmr32hs830b5yv16znw2frbjt,cmr23pgks000fv16zpwg1ms38,cmr24zoc901ryv16zxu2sbz7r,阿条按掉深夜来电，完成情感切断。阿力主动联系打破绝对疏远，关系转为僵局。工作邮件强制每日同步，暴露风险升级。,"{""summary"":""阿条按掉深夜来电，完成情感切断。阿力主动联系打破绝对疏远，关系转为僵局。工作邮件强制每日同步，暴露风险升级。"",""characterStates"":[{""characterId"":""cmr23zj4j004tv16zlc1ewt6u"",""currentGoal"":""关上情感闸门，专注工作应对，拒绝期待阿力的任何回应"",""emotion"":""冷静而紧绷，内心完成切断"",""stressLevel"":75,""secretExposure"":""已读未回使阿力感知到她的拒绝，秘密关系的张力进入公开边缘"",""knownFactsJson"":""[\""阿力凌晨来电及留言内容\"",\""王总邮件要求每日同步，明早9点第一次进度对齐\"",\""她自己已决定不再主动、不再期待\""]"",""misbeliefsJson"":null,""summary"":""阿条通过按掉电话并已读不回，彻底关闭情感闸门，将心理能量转向次日必须面对的工作合作。""}],""relationStates"":[{""sourceCharacterId"":""cmr23zj4j004tv16zlc1ewt6u"",""targetCharacterId"":""cmr23zj4y004uv16zh1dm72nm"",""trustScore"":null,""intimacyScore"":null,""conflictScore"":null,""dependencyScore"":null,""summary"":null}],""informationStates"":[{""holderType"":""reader"",""holderRefId"":null,""fact"":""阿力来电留言内容为“我想了很多”“睡了没？”，但动机不明；阿条已读不回。"",""status"":""known"",""summary"":""读者知晓双方表面信息，但阿力真实心理仍模糊。""}],""foreshadowStates"":[{""title"":""深夜手机亮起"",""summary"":""手机震动显示阿力来电，阿条按掉后阅读留言，伏笔兑现。"",""status"":""paid_off"",""setupChapterId"":""cmr24zoc701rxv16z1uyp5r52"",""payoffChapterId"":null},{""title"":""强制合作暴露危机"",""summary"":""收到邮件要求每日同步，明早第一次进度对齐，暴露风险陡增。"",""status"":""setup"",""setupChapterId"":""cmr24zoc901ryv16zxu2sbz7r"",""payoffChapterId"":null}]}",2026-07-02T05:32:00.674+00:00,2026-07-02T05:32:00.674+00:00
cmr32rvs80b8lv16zhabe8v2u,cmr23pgks000fv16zpwg1ms38,cmr24zocb01rzv16zba9tkamt,阿条主动试探失败，转为冰冷麻木，专注工作；阿力继续回避私人交流但会后试图示好被拒；关系进入猜疑拉扯。,"{""summary"":""阿条主动试探失败，转为冰冷麻木，专注工作；阿力继续回避私人交流但会后试图示好被拒；关系进入猜疑拉扯。"",""characterStates"":[{""characterId"":""cmr23zj4j004tv16zlc1ewt6u"",""currentGoal"":""彻底关闭情感闸门，零期待，仅以冷硬工作态度应对"",""emotion"":""冰冷、麻木、决绝"",""stressLevel"":85,""secretExposure"":""无变化"",""knownFactsJson"":""[\""阿力用工作话题回避私人质问\"",\""阿力卡点回复邮件\"",\""阿力会后试图用私人话题关心但立刻被她制止\""]"",""misbeliefsJson"":""[\""阿力的温柔只是挡箭牌，毫无真心\""]"",""summary"":""阿条从主动试探到失望决绝，决心彻底放弃，用冷漠武装自己，对合作通知毫无涟漪。""},{""characterId"":""cmr23zj4y004uv16zh1dm72nm"",""currentGoal"":""维持工作沟通，回避私人交流，但会后忍不住试图缓和"",""emotion"":""表面平静，内里矛盾"",""stressLevel"":65,""secretExposure"":""无变化"",""knownFactsJson"":null,""misbeliefsJson"":null,""summary"":""阿力继续回避私人话题，但会议后尝试关心阿条，被拒绝后不再挽留。""}],""relationStates"":[{""sourceCharacterId"":""cmr23zj4j004tv16zlc1ewt6u"",""targetCharacterId"":""cmr23zj4y004uv16zh1dm72nm"",""trustScore"":null,""intimacyScore"":null,""conflictScore"":null,""dependencyScore"":null,""summary"":""阿条主动质问遭回避，信任崩塌，双方转为仅维持工作交流，充满防备与冷漠。""}],""informationStates"":[{""holderType"":""reader"",""holderRefId"":null,""fact"":""阿力刻意选择在阿条到公司后回复邮件，回避实时沟通"",""status"":""known"",""summary"":""读者察觉阿力在时间上制造距离""},{""holderType"":""reader"",""holderRefId"":null,""fact"":""阿力会议后尝试用私人话题关心阿条，但被冰冷拒绝"",""status"":""known"",""summary"":""读者看到阿力矛盾的一面""},{""holderType"":""reader"",""holderRefId"":null,""fact"":""阿条彻底放弃试探，对次日合作通知毫无情绪波动"",""status"":""known"",""summary"":""读者得知阿条情感关闭""}],""foreshadowStates"":[]}",2026-07-02T05:39:51.848+00:00,2026-07-02T05:39:51.848+00:00
cmr331fes0bb5v16zv37i6ygc,cmr23pgks000fv16zpwg1ms38,cmr24zocd01s0v16zaocty107,阿条从冰冷麻木转为绝望和积蓄逼问决心；阿力彻底关闭私下沟通；关系降至完全公事化。,"{""summary"":""阿条从冰冷麻木转为绝望和积蓄逼问决心；阿力彻底关闭私下沟通；关系降至完全公事化。"",""characterStates"":[{""characterId"":""cmr23zj4j004tv16zlc1ewt6u"",""currentGoal"":""寻找机会向阿力逼问真相，打破被项目锁死的压抑状态"",""emotion"":""绝望中带着不甘和决心"",""stressLevel"":85,""secretExposure"":null,""knownFactsJson"":null,""misbeliefsJson"":null,""summary"":""阿条在流程隔绝下无处可逃，深夜意识到被项目锁死，决心不能再这样下去，开始积蓄情绪为正面冲突做准备。""},{""characterId"":""cmr23zj4y004uv16zh1dm72nm"",""currentGoal"":""将工作关系完全限制在正式流程内，杜绝任何私下接触的可能"",""emotion"":""冷静、疏离，全程无软化"",""stressLevel"":60,""secretExposure"":null,""knownFactsJson"":null,""misbeliefsJson"":null,""summary"":""阿力用王总要求和邮件流程彻底隔绝私下沟通，表现出完全的公事公办，无任何软化迹象。""},{""characterId"":""cmr23zj5m0050v16zyqacdl0n"",""currentGoal"":""组织聚会，并同意阿条提前到的请求"",""emotion"":""关心"",""stressLevel"":null,""secretExposure"":null,""knownFactsJson"":null,""misbeliefsJson"":null,""summary"":""陈默接到阿条要求提前到的消息，快速回复，聚会准备中。""}],""relationStates"":[{""sourceCharacterId"":""cmr23zj4y004uv16zh1dm72nm"",""targetCharacterId"":""cmr23zj4j004tv16zlc1ewt6u"",""trustScore"":null,""intimacyScore"":null,""conflictScore"":null,""dependencyScore"":null,""summary"":null},{""sourceCharacterId"":""cmr23zj4j004tv16zlc1ewt6u"",""targetCharacterId"":""cmr23zj5m0050v16zyqacdl0n"",""trustScore"":null,""intimacyScore"":null,""conflictScore"":null,""dependencyScore"":null,""summary"":null}],""informationStates"":[{""holderType"":""reader"",""holderRefId"":null,""fact"":""阿条在绝望中积蓄情绪，决心打破现状。"",""status"":""known"",""summary"":""读者知道阿条将采取行动，但不知具体方式。""}],""foreshadowStates"":[{""title"":""每日同步暴露"",""summary"":""每日午休前进度碰头正式开始，暴露风险从制度上被固定下来。"",""status"":""hinted"",""setupChapterId"":""cmr24zocd01s0v16zaocty107"",""payoffChapterId"":null},{""title"":""阿力彻底疏远升级"",""summary"":""阿力通过流程彻底隔绝私下沟通，疏远状态达到顶峰。"",""status"":""paid_off"",""setupChapterId"":""cmr24zocd01s0v16zaocty107"",""payoffChapterId"":null}]}",2026-07-02T05:47:17.188+00:00,2026-07-02T05:47:17.188+00:00
cmr33aw9p0bdmv16z8bg0bkb6,cmr23pgks000fv16zpwg1ms38,cmr24zocf01s1v16zorowoe4i,阿条决定停止追问，转为冷漠切割；阿力为神秘电话所困，回避加深。关系从表面和谐进入信任破裂、单方面切割阶段。,"{""summary"":""阿条决定停止追问，转为冷漠切割；阿力为神秘电话所困，回避加深。关系从表面和谐进入信任破裂、单方面切割阶段。"",""characterStates"":[{""characterId"":""cmr23zj4j004tv16zlc1ewt6u"",""currentGoal"":""不再追问阿力，转为冷漠切割，专注于自我行动，准备参加陈默聚会。"",""emotion"":""疲惫但决绝，冷静中带着警惕"",""stressLevel"":75,""secretExposure"":""读者知道她内心决定切割，但她仍不知道阿力电话内容。"",""knownFactsJson"":""[\""阿力按掉来电并在两周内持续回避\"",\""阿力接听了一个让他神色紧张的电话并离开\"",\""陈默聚会时间地点已定\""]"",""misbeliefsJson"":null,""summary"":""阿条在当面对峙和冷落后清醒，从追问转为主动切断情感，回归自我保护。""},{""characterId"":""cmr23zj4y004uv16zh1dm72nm"",""currentGoal"":""掩盖神秘联系，尽快摆脱阿条去处理紧急电话。"",""emotion"":""防御、紧张、焦急"",""stressLevel"":80,""secretExposure"":""阿条和读者都觉察到他接听神秘电话的异常，但内容未知。"",""knownFactsJson"":""[\""阿条当面逼问，态度坚决\"",\""神秘电话的紧急程度迫使他必须离开\""]"",""misbeliefsJson"":null,""summary"":""阿力在防御中暴露了新的秘密线索，回避策略升级，但内心未知。""}],""relationStates"":[{""sourceCharacterId"":""cmr23zj4j004tv16zlc1ewt6u"",""targetCharacterId"":""cmr23zj4y004uv16zh1dm72nm"",""trustScore"":null,""intimacyScore"":null,""conflictScore"":null,""dependencyScore"":null,""summary"":null}],""informationStates"":[{""holderType"":""reader"",""holderRefId"":null,""fact"":""阿力接听神秘电话时神情紧张，暗示有不可告人的联系。"",""status"":""known"",""summary"":""读者知道阿力有一个隐秘紧急联系人，为后续剧情埋下伏笔。""}],""foreshadowStates"":[]}",2026-07-02T05:54:38.941+00:00,2026-07-02T05:54:38.941+00:00
cmr33lp0r0bgvv16zeme52htz,cmr23pgks000fv16zpwg1ms38,cmr24zoch01s2v16zud5yqsvh,阿条从被动忍耐转为暗中调查，掌握“若若”线索，信任彻底破裂。,"{""summary"":""阿条从被动忍耐转为暗中调查，掌握“若若”线索，信任彻底破裂。"",""characterStates"":[{""characterId"":""cmr23zj4j004tv16zlc1ewt6u"",""currentGoal"":""暗中调查“若若”身份及阿力隐藏的联系"",""emotion"":""心寒、无奈却冷静"",""stressLevel"":75,""secretExposure"":""她知道阿力与“若若”频繁联系，但阿力尚未察觉她已开始调查"",""knownFactsJson"":""[\""阿力手机有备注名为“若若”的联系人，消息内容暧昧\"",\""阿力周六通话中严令对方别再发消息，试图隐藏\"",\""若若手机号归属杭州移动，微信号“Ruo”，头像模糊夜景\""]"",""misbeliefsJson"":""[\""阿力对若若的关系可能超出普通同事或朋友\""]"",""summary"":""阿条从放弃追问转为主动暗查，收集证据，内心愈发冰冷，不再信任阿力。""}],""relationStates"":[],""informationStates"":[{""holderType"":""reader"",""holderRefId"":null,""fact"":""阿力经常与一个备注名为“若若”的人联系，内容暧昧，且阿力极力隐藏。"",""status"":""known"",""summary"":""读者和阿条都知道了若若的存在及阿力的异常反应。""},{""holderType"":""character"",""fact"":""阿力与若若的联系频率和内容暧昧，且他在团建时要求对方别再发消息。"",""status"":""known"",""summary"":""阿条掌握关键怀疑线索，开始暗查。""},{""holderType"":""character"",""fact"":""阿条可能已经注意到他的手机消息。"",""status"":""unknown"",""summary"":""阿力尚未察觉阿条已看到若若消息并开始调查。""}],""foreshadowStates"":[{""title"":""若若线索"",""summary"":""阿条发现阿力与‘若若’的异常联系，成为后续调查和冲突的核心线索。"",""status"":""hinted"",""setupChapterId"":""cmr24zoch01s2v16zud5yqsvh"",""payoffChapterId"":null},{""title"":""神秘紧急来电"",""summary"":""第21章阿力接听的紧张电话，本章再次出现类似行为，联系人为‘若若’，暗示同一联系。"",""status"":""pending_payoff"",""setupChapterId"":""cmr24zocf01s1v16zorowoe4i"",""payoffChapterId"":null}]}",2026-07-02T06:03:02.763+00:00,2026-07-02T06:03:02.763+00:00
cmr33u1ti0bjav16z3otjgb43,cmr23pgks000fv16zpwg1ms38,cmr24zocj01s3v16zyc692fv8,阿条确认阿力手写号码并当面试探，当面存下号码，公开化证据收集，内心完成从期待到划清界限的转折；读者获知李晴目击新线索，若若身份暴露悬念升级。,"{""summary"":""阿条确认阿力手写号码并当面试探，当面存下号码，公开化证据收集，内心完成从期待到划清界限的转折；读者获知李晴目击新线索，若若身份暴露悬念升级。"",""characterStates"":[{""characterId"":""cmr23zj4j004tv16zlc1ewt6u"",""currentGoal"":""公开收集阿力撒谎与若若关联的证据，彻底划清界限"",""emotion"":""冷静、疏离、内心冰冷"",""stressLevel"":72,""secretExposure"":""她已知道阿力手写号码，并让阿力知道她存了号码，但隐藏了自己看到若若消息"",""knownFactsJson"":""[\""阿力手写了紧急联系人号码\"",\""阿力两次收到若若消息\"",\""李晴目击阿力与女生在商场\""]"",""misbeliefsJson"":null,""summary"":""阿条从暗中调查转为公开证据收集，冷静执行试探，将信任彻底悬空。""}],""relationStates"":[{""sourceCharacterId"":""cmr23zj4j004tv16zlc1ewt6u"",""targetCharacterId"":""cmr23zj4y004uv16zh1dm72nm"",""trustScore"":null,""intimacyScore"":null,""conflictScore"":null,""dependencyScore"":null,""summary"":null}],""informationStates"":[{""holderType"":""reader"",""holderRefId"":null,""fact"":""阿条已获取阿力手写号码笔迹证据并公开存号码，李晴目击阿力与若若可能的女生，若若身份即将暴露。"",""status"":""known"",""summary"":""读者掌握了新线索，期待若若身份暴露。""}],""foreshadowStates"":[{""title"":""神秘紧急来电"",""summary"":""若若消息再次出现，李晴目击新线索，若若身份暴露悬念升级。"",""status"":""pending_payoff"",""setupChapterId"":""cmr24zoch01s2v16zud5yqsvh"",""payoffChapterId"":null},{""title"":""阿条切割冷漠"",""summary"":""阿条当面存号码，不发火不追问，切割进入公开证据收集阶段。"",""status"":""pending_payoff"",""setupChapterId"":""cmr24zoch01s2v16zud5yqsvh"",""payoffChapterId"":null},{""title"":""破灭觉醒"",""summary"":""阿条确认阿力撒谎，写下“是他写的”，内心清醒决断。"",""status"":""pending_payoff"",""setupChapterId"":""cmr24zocj01s3v16zyc692fv8"",""payoffChapterId"":null}]}",2026-07-02T06:09:32.598+00:00,2026-07-02T06:09:32.598+00:00
cmr343uac0blmv16ztvilmjv6,cmr23pgks000fv16zpwg1ms38,cmr24zocl01s4v16zvlgu20mm,阿条完成天台公开对峙，信任彻底破裂，目标转向在后续聚餐中彻底冷漠以对；阿力防线被正面击破，进入被动回避态；两人关系从表面冷战转为公开陌路。,"{""summary"":""阿条完成天台公开对峙，信任彻底破裂，目标转向在后续聚餐中彻底冷漠以对；阿力防线被正面击破，进入被动回避态；两人关系从表面冷战转为公开陌路。"",""characterStates"":[{""characterId"":""cmr23zj4j004tv16zlc1ewt6u"",""currentGoal"":""在后续聚餐中以彻底冷漠的姿态公开划清界限，不留任何暧昧余地。"",""emotion"":""冷静而决绝，内心冰冷麻木"",""stressLevel"":80,""secretExposure"":""读者知道她主动约谈、出示证据并公开划清界限，已完全掌握若若相关线索。"",""knownFactsJson"":""[\""阿力昨天下午出现在城西银泰并与一名白鸭舌帽长发女生同行（李晴目击）\"",\""阿力的微信小号“Ruo”即其手写号码对应账号\"",\""阿力在当面质问下仍坚称在家，未去过城西银泰\"",\""阿力已无可信辩解\""]"",""misbeliefsJson"":null,""summary"":""阿条由谨慎怀疑升级为公开对峙，彻底确认阿力不诚实，决心以公事化姿态终结暧昧，不再抱任何期待。""},{""characterId"":""cmr23zj4y004uv16zh1dm72nm"",""currentGoal"":""维持表面镇定，避免进一步暴露，被动接受关系破裂。"",""emotion"":""紧张、回避，防御姿态明显"",""stressLevel"":75,""secretExposure"":""读者知道他仍在撒谎，但其内心活动未知。"",""knownFactsJson"":""[\""阿条已掌握他的手写号码和微信小号\"",\""阿条知道他昨天下午在银泰（或掌握相关证据）\"",\""阿条宣布将留档所有与他有关的东西\"",\""阿条将备注名改回“阿力”，象征关系回调\""]"",""misbeliefsJson"":null,""summary"":""阿力在天台被证据击穿，无法再以旧借口敷衍，但仍选择不承认、不解释，陷入完全被动。""}],""relationStates"":[{""sourceCharacterId"":""cmr23zj4j004tv16zlc1ewt6u"",""targetCharacterId"":""cmr23zj4y004uv16zh1dm72nm"",""trustScore"":null,""intimacyScore"":null,""conflictScore"":null,""dependencyScore"":null,""summary"":null}],""informationStates"":[{""holderType"":""reader"",""holderRefId"":null,""fact"":""阿力确实去过城西银泰并与若若同行，李晴目击属实；阿力对阿条撒了谎。"",""status"":""known"",""summary"":""读者掌握阿力撒谎的客观事实，确认若若线索推进。""}],""foreshadowStates"":[{""title"":""神秘紧急来电"",""summary"":""阿条在质问中直接提及若若相关，阿力谎言被当面戳穿，悬念从若若身份转向阿力为何死守秘密。"",""status"":""hinted"",""setupChapterId"":""cmr24zocl01s4v16zvlgu20mm"",""payoffChapterId"":null},{""title"":""阿条切割冷漠"",""summary"":""天台对峙后，阿条将切割从私下转为公开，关系进入不可逆陌路。"",""status"":""pending_payoff"",""setupChapterId"":""cmr24zocl01s4v16zvlgu20mm"",""payoffChapterId"":null},{""title"":""破灭觉醒"",""summary"":""阿条确认阿力当面说谎，内心清醒决断进一步强化，但尚未到达最终崩溃点。"",""status"":""pending_payoff"",""setupChapterId"":""cmr24zocl01s4v16zvlgu20mm"",""payoffChapterId"":null}]}",2026-07-02T06:17:09.396+00:00,2026-07-02T06:17:09.396+00:00
cmr34c3ko0bo9v16zv4g93jq3,cmr23pgks000fv16zpwg1ms38,cmr24zocn01s5v16z4foypq0m,阿条完成公开划界，获得主导感但伴有空虚；阿力被动僵立；李晴加强关心；小菲试探反被掌控；同事感知关系破裂。,"{""summary"":""阿条完成公开划界，获得主导感但伴有空虚；阿力被动僵立；李晴加强关心；小菲试探反被掌控；同事感知关系破裂。"",""characterStates"":[{""characterId"":""cmr23zj4j004tv16zlc1ewt6u"",""currentGoal"":""维持彻底公事化，不给阿力任何私人空间。"",""emotion"":""主导感后的空虚"",""stressLevel"":55,""secretExposure"":""同事已知她和阿力关系破裂。"",""knownFactsJson"":""[\""同事已察觉她和阿力的裂痕。\"",\""小菲可能在试探她。\"",\""红绳手链线头松了。\"",\""她收到了阿力消息“今天——”未点开。\""]"",""misbeliefsJson"":""[\""以为公开划界就能彻底解脱。\""]"",""summary"":""阿条通过换座和公事化发言完成公开划界，获得短暂主导感，但走出饭店后泛起空虚，红绳松动象征情感松动。""},{""characterId"":""cmr23zj4y004uv16zh1dm72nm"",""currentGoal"":""保持沉默，避免进一步难堪。"",""emotion"":""难堪、僵硬"",""stressLevel"":82,""secretExposure"":""同事已知他和阿条关系破裂。"",""knownFactsJson"":""[\""阿条公开与他划清界限。\"",\""同事已察觉他们的裂痕。\""]"",""misbeliefsJson"":""[\""可能仍以为能私下修补。\""]"",""summary"":""阿力在聚餐中遭阿条公开冷落，无法维持表面和谐，散席后独站，陷入被动。""},{""characterId"":""cmr23zj58004wv16zpaestpwt"",""currentGoal"":""继续支持阿条，等待她告知详情。"",""emotion"":""关切"",""stressLevel"":35,""secretExposure"":""她知道阿条有重要事但未告知。"",""knownFactsJson"":""[\""阿条有事情要告诉她但今天不说。\"",\""阿条在聚餐中刻意换座疏远阿力。\""]"",""misbeliefsJson"":null,""summary"":""李晴察觉到阿条的情绪和反常举动，主动询问后得到延迟回应，更加确定有事发生。""},{""characterId"":""cmr23zj5u0052v16zbgy6zbi1"",""currentGoal"":""维持同事关系，但被阿条掌控局面。"",""emotion"":""不自然、被试探后的不安"",""stressLevel"":45,""secretExposure"":""她知道阿条和阿力关系紧张，但不知内情。"",""knownFactsJson"":""[\""阿条对她有防备。\"",\""阿条主动用烘焙话题化解了她的试探。\""]"",""misbeliefsJson"":null,""summary"":""小菲在聚餐中试图接近阿条并可能试探，反被阿条用烘焙话题化解，感受到阿条建立的防御性主导。""}],""relationStates"":[{""sourceCharacterId"":""cmr23zj4j004tv16zlc1ewt6u"",""targetCharacterId"":""cmr23zj4y004uv16zh1dm72nm"",""trustScore"":null,""intimacyScore"":null,""conflictScore"":null,""dependencyScore"":null,""summary"":null},{""sourceCharacterId"":""cmr23zj4j004tv16zlc1ewt6u"",""targetCharacterId"":""cmr23zj58004wv16zpaestpwt"",""trustScore"":null,""intimacyScore"":null,""conflictScore"":null,""dependencyScore"":null,""summary"":null},{""sourceCharacterId"":""cmr23zj4j004tv16zlc1ewt6u"",""targetCharacterId"":""cmr23zj5u0052v16zbgy6zbi1"",""trustScore"":null,""intimacyScore"":null,""conflictScore"":null,""dependencyScore"":null,""summary"":null}],""informationStates"":[{""holderType"":""reader"",""holderRefId"":null,""fact"":""阿条在聚餐中收到阿力微信消息“今天——”，但未点开。"",""status"":""known"",""summary"":""读者知道阿力试图发送消息，但阿条尚不知内容。""},{""holderType"":""reader"",""holderRefId"":null,""fact"":""同事已明显感知阿条和阿力关系破裂。"",""status"":""known"",""summary"":""职场半公开危机已形成。""},{""holderType"":""reader"",""holderRefId"":null,""fact"":""阿条的红绳手链线头松动。"",""status"":""known"",""summary"":""象征情感牵绊正在减弱。""}],""foreshadowStates"":[{""title"":""阿条切割冷漠"",""summary"":""本章公开划界，将切割从私下转为公开，同事感知，伏笔部分兑现。"",""status"":""pending_payoff"",""setupChapterId"":""cmr24zod201sdv16zyjm3gz4z"",""payoffChapterId"":null},{""title"":""破灭觉醒"",""summary"":""阿条完成公开划界后感到空虚，内心清醒但尚未崩溃，伏笔继续推进。"",""status"":""pending_payoff"",""setupChapterId"":""cmr24zod201sdv16zyjm3gz4z"",""payoffChapterId"":null},{""title"":""秘密半公开危机"",""summary"":""本章同事明显感知两人破裂，秘密从模糊异常向半公开危机实质性推进。"",""status"":""pending_payoff"",""setupChapterId"":""cmr24zoc501rwv16zvt0vmmu0"",""payoffChapterId"":null}]}",2026-07-02T06:23:34.680+00:00,2026-07-02T06:23:34.680+00:00
cmr34l3df0br3v16z0yhypjym,cmr23pgks000fv16zpwg1ms38,cmr24zocp01s6v16z2iksh8ll,阿条公开宣布决裂，红绳断裂象征情感终结。,"{""summary"":""阿条公开宣布决裂，红绳断裂象征情感终结。"",""characterStates"":[{""characterId"":""cmr23zj4j004tv16zlc1ewt6u"",""currentGoal"":""彻底切断与阿力的联系，成为陌生人，不再给他任何解释空间。"",""emotion"":""决绝、麻木"",""stressLevel"":70,""secretExposure"":""同事皆知她与阿力决裂，红绳断裂且未捡。"",""knownFactsJson"":""[\""阿力在城西银泰见了一个人，李晴提供了目击细节\"",\""阿力在演示方案上试图使用模拟数据\"",\""她从未真正相信过阿力的任何解释\""]"",""misbeliefsJson"":null,""summary"":""阿条通过争吵彻底释放，宣布决裂，情感转为冰冷决绝，红绳断裂象征终结。""},{""characterId"":""cmr23zj4y004uv16zh1dm72nm"",""currentGoal"":""接受决裂，不再试图解释或挽回。"",""emotion"":""愤怒、受挫"",""stressLevel"":85,""secretExposure"":""同事知他失控砸物，阿条知他全部谎言。"",""knownFactsJson"":""[\""阿条知道他在银泰的谎言\"",\""阿条从未相信他\"",\""李晴在银泰看到了他\""]"",""misbeliefsJson"":null,""summary"":""阿力谎言被戳穿后情绪失控，最终默然接受决裂。""}],""relationStates"":[],""informationStates"":[{""holderType"":""reader"",""holderRefId"":null,""fact"":""红绳断裂且阿条未捡。"",""status"":""known"",""summary"":""读者知道关键信物已被丢弃。""}],""foreshadowStates"":[{""title"":""红绳断裂"",""summary"":""红绳断裂暗示阿条与阿力情感连接彻底终结，可能影响后续情绪或行为。"",""status"":""hinted"",""setupChapterId"":""cmr24zocp01s6v16z2iksh8ll"",""payoffChapterId"":null}]}",2026-07-02T06:30:34.322+00:00,2026-07-02T06:30:34.322+00:00
cmr34uhv40btnv16zsw7onktd,cmr23pgks000fv16zpwg1ms38,cmr24zocr01s7v16zu5ywg96j,阿条完成心理切割，公开僵局固化，同事默认关系冰冻。,"{""summary"":""阿条完成心理切割，公开僵局固化，同事默认关系冰冻。"",""characterStates"":[{""characterId"":""cmr23zj4j004tv16zlc1ewt6u"",""currentGoal"":""维持公开陌生关系，独立完成心理切割"",""emotion"":""冷静、疏离、内心平静"",""stressLevel"":30,""secretExposure"":""同事仅知两人吵架，不知曾为恋人"",""knownFactsJson"":""[\""阿力在团建中完全回避，已失去所有直接沟通机会\"",\""同事私下议论两人吵架\"",\""红绳断裂象征终结\"",\""陈默聚会即将开始\""]"",""misbeliefsJson"":null,""summary"":""阿条通过无视阿力、丢弃信物、溪边自省，完成从'我们'到'我'的分离，情感抽离。""},{""characterId"":""cmr23zj4y004uv16zh1dm72nm"",""currentGoal"":""接受决裂，沉默应对公开僵局"",""emotion"":""沉默、回避"",""stressLevel"":50,""secretExposure"":""同事知他与阿条吵架"",""knownFactsJson"":""[\""阿条在团建中彻底无视他\"",\""同事在议论两人关系\""]"",""misbeliefsJson"":null,""summary"":""阿力全程回避阿条，被王总警告工作，沉默接受公开僵局。""}],""relationStates"":[],""informationStates"":[{""holderType"":""reader"",""holderRefId"":null,""fact"":""阿条已彻底从心理上切断对阿力的情感依赖。"",""status"":""known"",""summary"":""读者见证阿条完成心理切割。""},{""holderType"":""reader"",""holderRefId"":null,""fact"":""阿力因工作压力可能面临数据口径问题。"",""status"":""known"",""summary"":""读者知道阿力被警告，暗示后续演示可能出错。""}],""foreshadowStates"":[{""title"":""陈默聚会干扰"",""summary"":""阿条确认参加陈默聚会，聚会即将成为决裂后的第一个社交场合。"",""status"":""pending_payoff"",""setupChapterId"":""cmr24zoc301rvv16zsof6hdh2"",""payoffChapterId"":null},{""title"":""红绳断裂终结"",""summary"":""红绳断裂且未捡，象征阿条情感终结。"",""status"":""paid_off"",""setupChapterId"":""cmr24zocp01s6v16z2iksh8ll"",""payoffChapterId"":null},{""title"":""阿力演示数据危机"",""summary"":""王总警告阿力别再出数据口径问题，埋伏后续工作失误可能。"",""status"":""hinted"",""setupChapterId"":""cmr24zocr01s7v16zu5ywg96j"",""payoffChapterId"":null}]}",2026-07-02T06:37:53.008+00:00,2026-07-02T06:37:53.008+00:00
cmr35aypc0bxuv16zp7dbzfi5,cmr23pgks000fv16zpwg1ms38,cmr24zocv01s9v16zuaz9jx84,木栈道对峙引爆信任危机，阿条夺回主导权并摧毁信物，阿力沉默回避，两人关系从公开冰冻转为公开决裂。若若主动联系阿条，为后续发展埋下新悬念。,"{""summary"":""木栈道对峙引爆信任危机，阿条夺回主导权并摧毁信物，阿力沉默回避，两人关系从公开冰冻转为公开决裂。若若主动联系阿条，为后续发展埋下新悬念。"",""characterStates"":[{""characterId"":""cmr23zj4j004tv16zlc1ewt6u"",""currentGoal"":""从下周一开始公开切割，成为真正的陌生人"",""emotion"":""愤怒但克制，失望透顶"",""stressLevel"":85,""secretExposure"":""公开宣布与阿力决裂，不再隐藏情绪"",""knownFactsJson"":""[\""阿力有备用手机且拒绝展示\"",\""若若确实存在并与阿力有联系\"",\""阿力对城西银泰和加班调休撒谎\""]"",""misbeliefsJson"":""[\""阿力曾有任何真诚的意愿\""]"",""summary"":""阿条完成从内心切割到公开决裂，主导对峙过程，情感爆发但保持克制，最终选择切断一切联系。""},{""characterId"":""cmr23zj4y004uv16zh1dm72nm"",""currentGoal"":""保持回避姿态，拒绝对峙与解释"",""emotion"":""防御、冷漠、可能内疚但不动摇"",""stressLevel"":80,""secretExposure"":""被逼问备用手机但仍拒绝暴露内容"",""knownFactsJson"":""[\""阿条已掌握城西银泰、若若等证据\"",\""阿条要求看手机被拒后彻底决裂\""]"",""misbeliefsJson"":""[\""继续隐瞒可以维护某些东西\""]"",""summary"":""阿力面对证据仍拒绝解释，不追回、不挽留，沉默接受公开决裂。""}],""relationStates"":[],""informationStates"":[{""holderType"":""reader"",""holderRefId"":null,""fact"":""阿条摔碎巧克力盒，红绳银坠子掉入木板缝隙，无法找回"",""status"":""known"",""summary"":""读者知道象征情感的信物被彻底摧毁。""},{""holderType"":""reader"",""holderRefId"":null,""fact"":""若若主动给阿条发微信，问下午三点是否有空"",""status"":""known"",""summary"":""读者知道若若主动接触阿条，动机不明。""},{""holderType"":""reader"",""holderRefId"":null,""fact"":""阿力承认有备用手机但坚决拒绝展示"",""status"":""known"",""summary"":""读者确信阿力在隐瞒有关若若的重大秘密。""}],""foreshadowStates"":[{""title"":""最终幻灭与决断"",""summary"":""阿条在木栈道对峙后彻底幻灭，摔碎信物，宣布从下周一起两人是陌生人，兑现了长期积压的信任崩塌。"",""status"":""paid_off"",""setupChapterId"":""cmr24zocv01s9v16zuaz9jx84"",""payoffChapterId"":""cmr24zocv01s9v16zuaz9jx84""},{""title"":""信任危机与隐瞒真相"",""summary"":""对质进一步加剧，阿力承认备用手机但拒绝公开，若若身份仍成谜，信任危机升级。"",""status"":""pending_payoff"",""setupChapterId"":""cmr24zocv01s9v16zuaz9jx84"",""payoffChapterId"":null},{""title"":""陈默聚会干扰"",""summary"":""阿条主动联系陈默确认聚会时间，聚会即将成为决裂后第一个社交场合。"",""status"":""pending_payoff"",""setupChapterId"":""cmr24zocv01s9v16zuaz9jx84"",""payoffChapterId"":null},{""title"":""若若主动联系阿条"",""summary"":""决裂后若若立即发消息给阿条，意图不明，为两人关系增加新的变数。"",""status"":""hinted"",""setupChapterId"":""cmr24zocv01s9v16zuaz9jx84"",""payoffChapterId"":null}]}",2026-07-02T06:50:41.328+00:00,2026-07-02T06:50:41.328+00:00
cmr35nume0c0qv16zavwu8h97,cmr23pgks000fv16zpwg1ms38,cmr24zocw01sav16z8wprb5vx,阿条完成数字切割，向若若发出摊牌消息，心理从压抑转为坚定，准备正面对峙。,"{""summary"":""阿条完成数字切割，向若若发出摊牌消息，心理从压抑转为坚定，准备正面对峙。"",""characterStates"":[{""characterId"":""cmr23zj4j004tv16zlc1ewt6u"",""currentGoal"":""迫使阿力直面摊牌，彻底拆干净关系"",""emotion"":""冷静、坚定"",""stressLevel"":45,""secretExposure"":""读者知道她已删除所有数字痕迹；阿力不知道她已联系若若"",""knownFactsJson"":""[\""已删除所有与阿力的数字关联\"",\""陈默聚会时间地点\"",\""已向若若发出摊牌消息\""]"",""misbeliefsJson"":null,""summary"":""阿条从情绪崩溃中恢复，通过删除行为完成心理切割，积蓄摊牌决心。""},{""characterId"":""cmr23zj4y004uv16zh1dm72nm"",""currentGoal"":""继续保持回避，但面临被摊牌的压力"",""emotion"":""未知"",""stressLevel"":null,""secretExposure"":""读者不知道他的具体状态"",""knownFactsJson"":null,""misbeliefsJson"":null,""summary"":""阿力未在本章出现，但他的回避态度将被阿条的主动摊牌打破。""}],""relationStates"":[],""informationStates"":[{""holderType"":""reader"",""holderRefId"":null,""fact"":""阿条已完全删除手机中与阿力有关的所有内容。"",""status"":""known"",""summary"":""读者目睹删除全过程。""},{""holderType"":""character"",""fact"":""阿条已删除与他所有数字关联并联系了若若。"",""status"":""unknown"",""summary"":""阿力对阿条的行动一无所知。""}],""foreshadowStates"":[{""title"":""阿条向若若发出摊牌消息"",""summary"":""阿条主动联系若若，发出“团建结束，我们该把自己拆干净了。”为返程后摊牌埋下伏笔。"",""status"":""setup"",""setupChapterId"":""cmr24zocw01sav16z8wprb5vx"",""payoffChapterId"":null}]}",2026-07-02T07:00:42.566+00:00,2026-07-02T07:00:42.566+00:00
cmr35y9no0c3mv16z6m7aivl0,cmr23pgks000fv16zpwg1ms38,cmr24zocy01sbv16zja8tq08e,阿条摊牌后彻底失望，宣告只维持同事关系，定下与若若见面；阿力继续回避；红绳手链不再佩戴；读者得知关键变化。,"{""summary"":""阿条摊牌后彻底失望，宣告只维持同事关系，定下与若若见面；阿力继续回避；红绳手链不再佩戴；读者得知关键变化。"",""characterStates"":[{""characterId"":""cmr23zj4j004tv16zlc1ewt6u"",""currentGoal"":""与阿力彻底切割，独自面对若若见面。"",""emotion"":""失望、决绝、空落"",""stressLevel"":75,""secretExposure"":""读者知道她定下与若若见面，收起发夹，不戴手链。"",""knownFactsJson"":""[\""阿力不会给出解释。\"",\""若若明天三点见面。\"",\""她已对阿力宣告只维持同事关系。\""]"",""misbeliefsJson"":null,""summary"":""阿条当面摊牌，阿力回避，她彻底失望并宣告只维持同事关系，独自面对若若。""},{""characterId"":""cmr23zj4y004uv16zh1dm72nm"",""currentGoal"":""继续回避，维持现状。"",""emotion"":""焦虑但掩饰"",""stressLevel"":65,""secretExposure"":""读者不知道他内心真实想法，但他回避彻底。"",""knownFactsJson"":""[\""阿条不再追问。\"",\""阿条要求只在工位上交流。\""]"",""misbeliefsJson"":""[\""阿条会接受平静的远离。\""]"",""summary"":""阿力被当面质问，以私事隐私搪塞，继续回避，未意识到阿条的决心。""},{""characterId"":""cmr23zj58004wv16zpaestpwt"",""currentGoal"":""关心阿条，但未深入了解。"",""emotion"":""担忧"",""stressLevel"":30,""secretExposure"":""无"",""knownFactsJson"":""[\""阿条心情不好，手冷。\""]"",""misbeliefsJson"":""[\""可能只是工作累。\""]"",""summary"":""李晴察觉阿条状态差，但未追问，保持观察。""}],""relationStates"":[{""sourceCharacterId"":""cmr23zj4j004tv16zlc1ewt6u"",""targetCharacterId"":""cmr23zj4y004uv16zh1dm72nm"",""trustScore"":null,""intimacyScore"":null,""conflictScore"":null,""dependencyScore"":null,""summary"":null}],""informationStates"":[{""holderType"":""reader"",""holderRefId"":null,""fact"":""阿条不再佩戴红绳手链，收起新发夹。"",""status"":""known"",""summary"":""读者知道阿条完成了象征性的情感切割。""},{""holderType"":""reader"",""holderRefId"":null,""fact"":""阿条与若若的见面时间地点已定。"",""status"":""known"",""summary"":""读者知道下一步冲突即将发生。""}],""foreshadowStates"":[{""title"":""阿条向若若摊牌"",""summary"":""见面时间地点已定，伏笔推进到待兑现。"",""status"":""pending_payoff"",""setupChapterId"":""cmr24zocw01sav16z8wprb5vx"",""payoffChapterId"":null},{""title"":""阿条目标转变：从切割到迫使摊牌"",""summary"":""阿条完成当面质问，目标兑现。"",""status"":""paid_off"",""setupChapterId"":""cmr24zocy01sbv16zja8tq08e"",""payoffChapterId"":null},{""title"":""阿条向若若发出摊牌消息"",""summary"":""若若回应并约定见面，伏笔推进。"",""status"":""pending_payoff"",""setupChapterId"":""cmr24zocw01sav16z8wprb5vx"",""payoffChapterId"":null},{""title"":""若若主动联系阿条"",""summary"":""若若已联系并约定见面，伏笔推进。"",""status"":""pending_payoff"",""setupChapterId"":""cmr24zocy01sbv16zja8tq08e"",""payoffChapterId"":null},{""title"":""陈默聚会干扰"",""summary"":""陈默发来包厢号，干扰伏笔推进。"",""status"":""pending_payoff"",""setupChapterId"":""cmr24zocy01sbv16zja8tq08e"",""payoffChapterId"":null},{""title"":""神秘紧急来电"",""summary"":""阿力拒绝解释备用手机，悬念延续。"",""status"":""hinted"",""setupChapterId"":""cmr24zocy01sbv16zja8tq08e"",""payoffChapterId"":null},{""title"":""阿力真实态度"",""summary"":""阿力继续回避，态度更加可疑。"",""status"":""pending_payoff"",""setupChapterId"":""cmr24zocy01sbv16zja8tq08e"",""payoffChapterId"":null},{""title"":""信任危机与隐瞒真相"",""summary"":""信任危机进一步加深，真相仍未揭露。"",""status"":""pending_payoff"",""setupChapterId"":""cmr24zocy01sbv16zja8tq08e"",""payoffChapterId"":null},{""title"":""终将暴露的预感"",""summary"":""阿条公开冷漠可能引发同事猜测，暴露预感加深。"",""status"":""hinted"",""setupChapterId"":""cmr24zocy01sbv16zja8tq08e"",""payoffChapterId"":null},{""title"":""红绳手链移除"",""summary"":""阿条不再佩戴红绳，象征情感牵绊终结，为新阶段伏笔。"",""status"":""hinted"",""setupChapterId"":""cmr24zocy01sbv16zja8tq08e"",""payoffChapterId"":null}]}",2026-07-02T07:08:48.612+00:00,2026-07-02T07:08:48.612+00:00
cmr36aegt0c6sv16zguv4id1c,cmr23pgks000fv16zpwg1ms38,cmr24zod001scv16zh2hhfj2q,阿条通过时间戳证据拆穿阿力谎言，阿力推卸责任后信任彻底崩塌，阿条收拾信物离开公司，与阿力关系终结。,"{""summary"":""阿条通过时间戳证据拆穿阿力谎言，阿力推卸责任后信任彻底崩塌，阿条收拾信物离开公司，与阿力关系终结。"",""characterStates"":[{""characterId"":""cmr23zj4j004tv16zlc1ewt6u"",""currentGoal"":""彻底切割，独自面对与若若的见面。"",""emotion"":""绝望、空洞"",""stressLevel"":85,""secretExposure"":""部分同事注意到她情绪异常离开，但秘密关系细节未公开。"",""knownFactsJson"":""[\""阿力承认撒谎且推卸责任\"",\""若若的消息证明阿力未删除记录\""]"",""misbeliefsJson"":null,""summary"":""阿条从希望阿力解释转为彻底放弃，收拾信物离开公司，信任完全粉碎。""},{""characterId"":""cmr23zj4y004uv16zh1dm72nm"",""currentGoal"":""无力挽回，接受关系破裂。"",""emotion"":""焦躁、茫然"",""stressLevel"":80,""secretExposure"":""阿条已知其撒谎，但同事不知细节。"",""knownFactsJson"":""[\""阿条掌握他说谎的证据\"",\""若若联系了阿条并告知部分实情\""]"",""misbeliefsJson"":null,""summary"":""阿力被拆穿后推卸责任，失去挽回机会。""},{""characterId"":""cmr23zj58004wv16zpaestpwt"",""currentGoal"":""关心阿条，试图了解情况。"",""emotion"":""担忧"",""stressLevel"":60,""secretExposure"":""未知秘密关系，但观察到异常。"",""knownFactsJson"":""[\""阿条红绳断了\"",\""阿条情绪很差\""]"",""misbeliefsJson"":null,""summary"":""李晴注意到阿条异常，但未能阻止其离开。""}],""relationStates"":[{""sourceCharacterId"":""cmr23zj4j004tv16zlc1ewt6u"",""targetCharacterId"":""cmr23zj4y004uv16zh1dm72nm"",""trustScore"":null,""intimacyScore"":null,""conflictScore"":null,""dependencyScore"":null,""summary"":null},{""sourceCharacterId"":""cmr23zj4j004tv16zlc1ewt6u"",""targetCharacterId"":""cmr23zj58004wv16zpaestpwt"",""trustScore"":null,""intimacyScore"":null,""conflictScore"":null,""dependencyScore"":null,""summary"":null}],""informationStates"":[{""holderType"":""reader"",""holderRefId"":null,""fact"":""阿条与阿力关系彻底破裂，她收拾信物离开公司，将独自面对与若若的见面。"",""status"":""known"",""summary"":""读者知道信任完全粉碎，故事转向主角独自前行。""}],""foreshadowStates"":[{""title"":""红绳手链移除"",""summary"":""阿条不再佩戴红绳手链，通过李晴之口确认断裂，情感牵绊彻底解除。"",""status"":""paid_off"",""setupChapterId"":""cmr24zocy01sbv16zja8tq08e"",""payoffChapterId"":""cmr24zod001scv16zh2hhfj2q""},{""title"":""阿条等待阿力解释的执念"",""summary"":""阿条放弃等待阿力解释，执念通过绝望放弃而终结。"",""status"":""paid_off"",""setupChapterId"":""cmr24zobt01rqv16zbto61e2r"",""payoffChapterId"":""cmr24zod001scv16zh2hhfj2q""},{""title"":""信任危机与隐瞒真相"",""summary"":""阿力被证实再次撒谎并推卸，信任彻底崩塌，但全部真相尚未揭露。"",""status"":""pending_payoff"",""setupChapterId"":""cmr24zod001scv16zh2hhfj2q"",""payoffChapterId"":null},{""title"":""终将暴露的预感"",""summary"":""阿条公开离开公司增加暴露风险，同事开始注意异常。"",""status"":""pending_payoff"",""setupChapterId"":""cmr24zod001scv16zh2hhfj2q"",""payoffChapterId"":null},{""title"":""陈默聚会干扰"",""summary"":""陈默发消息提醒聚会，干扰伏笔推进。"",""status"":""pending_payoff"",""setupChapterId"":""cmr24zod001scv16zh2hhfj2q"",""payoffChapterId"":null}]}",2026-07-02T07:18:14.717+00:00,2026-07-02T07:18:14.717+00:00
cmr36ggif0c9hv16zzkjv2nfi,cmr23pgks000fv16zpwg1ms38,cmr24zod201sdv16zyjm3gz4z,阿条完成心理切割，信任彻底死亡，以空洞而冷硬的决心迎接明日办公室。,"{""summary"":""阿条完成心理切割，信任彻底死亡，以空洞而冷硬的决心迎接明日办公室。"",""characterStates"":[{""characterId"":""cmr23zj4j004tv16zlc1ewt6u"",""currentGoal"":""以冷漠和决心面对办公室同事，彻底切割与阿力的关系，公事公办。"",""emotion"":""空洞、麻木，但带着冷硬决心"",""stressLevel"":55,""secretExposure"":""读者知道她已完成所有切割动作，但阿力未知全部细节。"",""knownFactsJson"":""[\""自己已发送绝情短信并删除阿力联系方式\"",\""暗语系统已废弃\"",\""发夹已收起，不再需要伪装\""]"",""misbeliefsJson"":null,""summary"":""阿条通过发送短信、删除记录、收起信物等仪式完成心理切割，从崩溃中凝结出冷硬决心。""}],""relationStates"":[],""informationStates"":[{""holderType"":""reader"",""holderRefId"":null,""fact"":""阿条已完成与阿力的彻底切割，信任完全粉碎，关系不可逆终结。"",""status"":""known"",""summary"":""读者知晓阿条内心决绝的完整过程。""}],""foreshadowStates"":[{""title"":""信任危机与隐瞒真相"",""summary"":""阿条通过发送绝情短信和删除所有记录，让信任彻底死亡，此伏笔兑现。"",""status"":""paid_off"",""setupChapterId"":""cmr24zod201sdv16zyjm3gz4z"",""payoffChapterId"":null}]}",2026-07-02T07:22:57.303+00:00,2026-07-02T07:22:57.303+00:00
cmr8kfzjv0d1wv16z18hprr9b,cmr23pgks000fv16zpwg1ms38,cmr24zod401sev16zgn0j08q9,阿条执行零交流，小菲和李晴察觉异样并试探，为团建暴露蓄势。,"{""summary"":""阿条执行零交流，小菲和李晴察觉异样并试探，为团建暴露蓄势。"",""characterStates"":[{""characterId"":""cmr23zj4j004tv16zlc1ewt6u"",""currentGoal"":""以冷漠和决心面对办公室同事，彻底切割与阿力的关系，公事公办。"",""emotion"":""钝痛但强行克制"",""stressLevel"":70,""secretExposure"":""同事开始注意到她与阿力之间异常，但尚未知晓秘密关系。"",""knownFactsJson"":""[\""李晴怀疑红绳与阿力有关\"",\""小菲在试探她\""]"",""misbeliefsJson"":null,""summary"":""阿条坚定执行零交流，通过调整环境与回避动作维护距离，同事起疑。""},{""characterId"":""cmr23zj4y004uv16zh1dm72nm"",""currentGoal"":""无力挽回，接受关系破裂。"",""emotion"":""沉默回避"",""stressLevel"":55,""secretExposure"":""同事也注意到他异常沉默，但与阿条分开不明。"",""knownFactsJson"":""[\""阿条已明确断裂\""]"",""misbeliefsJson"":null,""summary"":""阿力全程被动回避，无主动接触，通过文件传递公事互动。""},{""characterId"":""cmr23zj58004wv16zpaestpwt"",""currentGoal"":""关心阿条，试图了解情况。"",""emotion"":""担忧且怀疑"",""stressLevel"":45,""secretExposure"":""她不知道秘密关系，但怀疑红绳与阿力有关。"",""knownFactsJson"":""[\""阿条红绳断了\"",\""阿条状态异常\""]"",""misbeliefsJson"":null,""summary"":""李晴从观察转向直接试探，发微信追问红绳原因，未被回应，决定暂不追问。""},{""characterId"":""cmr23zj5u0052v16zbgy6zbi1"",""currentGoal"":""维持同事关系，但被阿条掌控局面。"",""emotion"":""好奇且探究"",""stressLevel"":30,""secretExposure"":""她不知道秘密，但看出阿条与阿力互动异常。"",""knownFactsJson"":""[\""阿条不戴红绳\"",\""阿条拒绝奶茶\""]"",""misbeliefsJson"":null,""summary"":""小菲通过红绳和奶茶试探阿条，被对方搪塞，与李晴交换眼神，疑心更重。""}],""relationStates"":[],""informationStates"":[{""holderType"":""reader"",""holderRefId"":null,""fact"":""阿条与阿力全天零交流，同事开始察觉异常，但不知内情。"",""status"":""known"",""summary"":""读者知道裂痕从内心推至外部观察。""}],""foreshadowStates"":[{""title"":""终将暴露的预感"",""summary"":""本章零交流被同事察觉，暴露危险加大。"",""status"":""pending_payoff"",""setupChapterId"":""cmr24zod001scv16zh2hhfj2q"",""payoffChapterId"":null},{""title"":""强制合作暴露危机"",""summary"":""零交流状态使得强制合作机制失效，暴露风险上升。"",""status"":""pending_payoff"",""setupChapterId"":""cmr24zocd01s0v16zaocty107"",""payoffChapterId"":null},{""title"":""陈默聚会干扰"",""summary"":""陈默发来聚会时间地点，干扰因素即将在周六发生。"",""status"":""pending_payoff"",""setupChapterId"":""cmr24zod001scv16zh2hhfj2q"",""payoffChapterId"":null}]}",2026-07-06T01:53:20.827+00:00,2026-07-06T01:53:20.827+00:00
cmr8kkw7m0d4cv16z5s67dhfm,cmr23pgks000fv16zpwg1ms38,cmr24zod601sfv16zz52rk4y9,阿条被迫接受即将与阿力共处三天的现实，回避策略失效，内心焦虑加剧但仍保持外表冷静。阿力同样确认参加，行为细节暗示其内心也有波动。,"{""summary"":""阿条被迫接受即将与阿力共处三天的现实，回避策略失效，内心焦虑加剧但仍保持外表冷静。阿力同样确认参加，行为细节暗示其内心也有波动。"",""characterStates"":[{""characterId"":""cmr23zj4j004tv16zlc1ewt6u"",""currentGoal"":""不得已在团建中维持零交流，但深知回避即将失败。"",""emotion"":""焦虑、压抑、紧绷"",""stressLevel"":85,""secretExposure"":""读者感知到她内心焦虑顶点，但同事仍未察觉。"",""knownFactsJson"":""[\""团建安排与暴露风险\"",\""阿力在群内紧跟自己确认参加\"",\""阿力转动手链\""]"",""misbeliefsJson"":null,""summary"":""阿条收到团建通知后陷入焦虑，表面维持冷静，但明白回避策略已无意义，被迫面对即将到来的共处。""},{""characterId"":""cmr23zj4y004uv16zh1dm72nm"",""currentGoal"":""不明，仅通过外部动作暗示其内心波动。"",""emotion"":""不明"",""stressLevel"":70,""secretExposure"":""读者根据阿条观察推测他也有焦虑，但真实想法未知。"",""knownFactsJson"":null,""misbeliefsJson"":null,""summary"":""阿力确认参加团建，在工位转动手链，可能焦虑，但内心活动未揭示。""}],""relationStates"":[],""informationStates"":[{""holderType"":""reader"",""holderRefId"":null,""fact"":""团建通知导致强制共处，阿条回避策略即将失效。"",""status"":""known"",""summary"":""读者掌握团建带来的压力升级。""}],""foreshadowStates"":[{""title"":""强制合作暴露危机"",""summary"":""团建通知强化暴露风险，随机分组和同住使零交流难以为继。"",""status"":""pending_payoff"",""setupChapterId"":""cmr24zod601sfv16zz52rk4y9"",""payoffChapterId"":null}]}",2026-07-06T01:57:09.778+00:00,2026-07-06T01:57:09.778+00:00
cmr8ktubn0d6qv16zm30pynbs,cmr23pgks000fv16zpwg1ms38,cmr252ped020zv16zhk3ez4ic,冷战升级为制度性隔离，便签成为工作沟通唯一媒介；团建规则进一步压缩回避空间，暴露危机悬而未决；阿条以工作麻醉防御，但未真正放下。,"{""summary"":""冷战升级为制度性隔离，便签成为工作沟通唯一媒介；团建规则进一步压缩回避空间，暴露危机悬而未决；阿条以工作麻醉防御，但未真正放下。"",""characterStates"":[{""characterId"":""cmr23zj4j004tv16zlc1ewt6u"",""currentGoal"":""以超量工作麻痹自己，接受纯粹工作关系，避免情感波动。"",""emotion"":""压抑、麻木，外表平静但内心隐痛"",""stressLevel"":85,""secretExposure"":""读者和李晴均知她与阿力仅走工作流程"",""knownFactsJson"":""[\""阿力采用便签和邮件完全取代直接交流\"",\""团建补充通知使回避几乎不可能\"",\""自己一整天未与阿力说话\""]"",""misbeliefsJson"":null,""summary"":""阿条从刻意回避转为被动接受制度化的冷漠，用工作填充所有空隙，但眼角泄露的疲惫和收存便签的行为暗示未彻底切割。""},{""characterId"":""cmr23zj4y004uv16zh1dm72nm"",""currentGoal"":""通过便签、邮件和委托王总进行工作交接，将两人互动彻底公务化，避免私人接触。"",""emotion"":""未知（外部行为冷静、规范）"",""stressLevel"":70,""secretExposure"":""读者和李晴观察到他的隔离行为"",""knownFactsJson"":""[\""他主动用便签取代所有口头交流\"",\""邮件和批注一律使用标准化职务称谓\""]"",""misbeliefsJson"":null,""summary"":""阿力主动构建制度化隔离屏障，行为滴水不漏，内心活动未揭示。""}],""relationStates"":[{""sourceCharacterId"":""cmr23zj4j004tv16zlc1ewt6u"",""targetCharacterId"":""cmr23zj4y004uv16zh1dm72nm"",""trustScore"":null,""intimacyScore"":null,""conflictScore"":null,""dependencyScore"":null,""summary"":null}],""informationStates"":[{""holderType"":""reader"",""holderRefId"":null,""fact"":""阿力通过五张便签和公务化措辞完成交接，两人关系已转为纯粹的工作流程，团建补充通知使暴露风险大幅上升。"",""status"":""known"",""summary"":""读者看到隔离的具体形态和团建带来的新压迫。""},{""holderType"":""character"",""fact"":""自己全天未与阿力说话，一切沟通被便签和邮件替代，关系已无私人痕迹。"",""status"":""known"",""summary"":""阿条切身感受到制度性冷漠，在电梯中意识到语言隔离终结了所有暗号。""},{""holderType"":""character"",""fact"":""阿力开始用便签与阿条沟通，两人只走工作流程。"",""status"":""known"",""summary"":""李晴观察到了隔离现象并直接询问，得知两人状态。""}],""foreshadowStates"":[{""title"":""强制合作暴露危机"",""summary"":""团建补充通知禁止调组、手机静音和通话，进一步锁死回避可能，暴露危机变得触手可及。"",""status"":""pending_payoff"",""setupChapterId"":""cmr24zod601sfv16zz52rk4y9"",""payoffChapterId"":null}]}",2026-07-06T02:04:07.235+00:00,2026-07-06T02:04:07.235+00:00
cmr8l12yw0d9qv16z0tx8ms6j,cmr23pgks000fv16zpwg1ms38,cmr252pef0210v16zltbhbtdh,阿条完成从被动等待到主动切割的心态转折，目标转为在制度内保持专业；阿力继续巩固公务化隔离；读者知道阿条已放弃期待，但阿力未知。,"{""summary"":""阿条完成从被动等待到主动切割的心态转折，目标转为在制度内保持专业；阿力继续巩固公务化隔离；读者知道阿条已放弃期待，但阿力未知。"",""characterStates"":[{""characterId"":""cmr23zj4j004tv16zlc1ewt6u"",""currentGoal"":""完成移动端校准数据，准备团建，在制度内保持专业，不再寻求私人联系。"",""emotion"":""疲惫到决断，不再抱有幻想，但仍有一丝不安。"",""stressLevel"":55,""secretExposure"":""读者知道阿条已取消特别关注并清空聊天记录，但阿力和其他同事不知道。"",""knownFactsJson"":""[\""阿力已读微信但未回复，仅以邮件沟通并抄送王总。\"",\""阿力在会议和电梯中刻意回避。\"",\""团建分组改为自主组队，她已与李晴等人组队。\""]"",""misbeliefsJson"":null,""summary"":""阿条通过具体行动执行切割，决心在制度中生存，但红绳印痕暗示未完全放下。""},{""characterId"":""cmr23zj4y004uv16zh1dm72nm"",""currentGoal"":""维持公务化隔离，避免任何私人接触，专注于工作。"",""emotion"":""未揭示，行为体现疏远与回避。"",""stressLevel"":50,""secretExposure"":""读者知道阿力刻意回避，但不知道内心。"",""knownFactsJson"":""[\""阿条发来微信试探。\"",\""阿条在电梯中追问。\"",\""团建分组和住宿规则。\""]"",""misbeliefsJson"":null,""summary"":""阿力继续巩固制度性隔离，对阿条的任何试探均以公务回应，真实态度模糊。""},{""characterId"":""cmr23zj58004wv16zpaestpwt"",""currentGoal"":""关心阿条，了解情况，为团建组织队伍。"",""emotion"":""担忧但不过度追问。"",""stressLevel"":40,""secretExposure"":""读者知道李晴察觉到异常，但不知道深层原因。"",""knownFactsJson"":""[\""阿条状态不佳，化妆遮掩。\"",\""阿力在会议中从未看阿条。\"",\""团建分组自主，她组织的队伍包括阿条。\""]"",""misbeliefsJson"":null,""summary"":""李晴继续观察阿条，通过细节察觉异常，但未深入，默默支持。""}],""relationStates"":[{""sourceCharacterId"":""cmr23zj4j004tv16zlc1ewt6u"",""targetCharacterId"":""cmr23zj4y004uv16zh1dm72nm"",""trustScore"":null,""intimacyScore"":null,""conflictScore"":null,""dependencyScore"":null,""summary"":null}],""informationStates"":[{""holderType"":""reader"",""holderRefId"":null,""fact"":""阿条已彻底切割，但阿力不知道阿条内心的决断。"",""status"":""known"",""summary"":""读者获知阿条的心理转折和具体行动，形成信息差。""},{""holderType"":""reader"",""holderRefId"":null,""fact"":""团建自主分组和随机住宿可能迫使阿条与阿力在密闭空间共处。"",""status"":""known"",""summary"":""读者预见到团建危机。""}],""foreshadowStates"":[{""title"":""团建暴露危机"",""summary"":""自主组队和随机住宿规则加大了密闭空间内秘密关系暴露的可能性。"",""status"":""pending_payoff"",""setupChapterId"":""cmr252pef0210v16zltbhbtdh"",""payoffChapterId"":null}]}",2026-07-06T02:09:45.032+00:00,2026-07-06T02:09:45.032+00:00
cmr8lamty0dcev16zjzob7599,cmr23pgks000fv16zpwg1ms38,cmr252peh0211v16zss2kflem,阿条发现阿力可能先于自己寻找退路，目标转变为查证并准备红裙试探；阿力疑似也在规划跳槽；小菲被揭穿谎言；王总施加压力，团建暴露风险增加。,"{""summary"":""阿条发现阿力可能先于自己寻找退路，目标转变为查证并准备红裙试探；阿力疑似也在规划跳槽；小菲被揭穿谎言；王总施加压力，团建暴露风险增加。"",""characterStates"":[{""characterId"":""cmr23zj4j004tv16zlc1ewt6u"",""currentGoal"":""查证阿力是否先找退路，并在团建中以红裙试探阿力反应，获取关系答案。"",""emotion"":""冷静而聚焦，有悲伤但克制"",""stressLevel"":70,""secretExposure"":""读者知道她发现了手机搜索记录和小菲的谎言，读者知道她准备红裙试探。"",""knownFactsJson"":null,""misbeliefsJson"":null,""summary"":""阿条从被动切割转为主动查证和试探，准备在团建上实施最后的测试。""},{""characterId"":""cmr23zj4y004uv16zh1dm72nm"",""currentGoal"":""在公务化隔离的同时，可能已开始寻找职业退路，但仍维持对阿条的回避。"",""emotion"":""未知（从阿条视角观察为冷漠）"",""stressLevel"":50,""secretExposure"":""读者通过陈默和搜索记录知道他在寻找跳槽机会，但阿条仅怀疑。"",""knownFactsJson"":null,""misbeliefsJson"":null,""summary"":""阿力继续回避，但读者得知他可能已经在寻找离开公司的机会。""},{""characterId"":""cmr23zj5u0052v16zbgy6zbi1"",""currentGoal"":""维持同事关系，但可能别有用心，试图掌控信息。"",""emotion"":""试探性，但被阿条察觉谎言。"",""stressLevel"":30,""secretExposure"":""阿条发现小菲对她撒谎。"",""knownFactsJson"":null,""misbeliefsJson"":null,""summary"":""小菲的谎言被阿条识破，她可能曾在协调会后偷听，更显可疑。""},{""characterId"":""cmr23zj5f004yv16ztyiw8inw"",""currentGoal"":""维护部门秩序，确保项目不受私人关系影响。"",""emotion"":""严肃、警惕"",""stressLevel"":40,""secretExposure"":null,""knownFactsJson"":null,""misbeliefsJson"":null,""summary"":""王总登场，对阿条施加直接压力，暗示她注意言行。""},{""characterId"":""cmr23zj58004wv16zpaestpwt"",""currentGoal"":""支持阿条，传递关键信息。"",""emotion"":""担忧"",""stressLevel"":30,""secretExposure"":null,""knownFactsJson"":null,""misbeliefsJson"":null,""summary"":""李晴向阿条提供了阿力和小菲加班的信息，进一步加深了对关系的关心。""}],""relationStates"":[],""informationStates"":[{""holderType"":""reader"",""holderRefId"":null,""fact"":""阿条发现阿力可能在寻找退路，并准备红裙试探。"",""status"":""known"",""summary"":""读者知道阿条将在团建中采取行动。""},{""holderType"":""character"",""fact"":""阿力一周前问过陈默上海招聘市场，手机搜索记录疑似阿力所为。"",""status"":""known"",""summary"":""阿条掌握了部分证据，但未确认。""},{""holderType"":""character"",""fact"":""阿条正在查证和准备试探。"",""status"":""hidden"",""summary"":""阿力不知道阿条的发现和计划。""}],""foreshadowStates"":[{""title"":""阿力真实态度"",""summary"":""通过陈默和手机记录揭示阿力在考虑跳槽，但真实动机仍不明确。"",""status"":""pending_payoff"",""setupChapterId"":""cmr252peh0211v16zss2kflem"",""payoffChapterId"":null},{""title"":""第一次信任危机深化"",""summary"":""阿条发现阿力可能先于自己找退路，信任再次受创。"",""status"":""pending_payoff"",""setupChapterId"":""cmr252peh0211v16zss2kflem"",""payoffChapterId"":null},{""title"":""团建暴露危机"",""summary"":""分组确定不同组，但晚间同厅增加直接接触的风险，阿条计划穿红裙吸引注意。"",""status"":""pending_payoff"",""setupChapterId"":""cmr252peh0211v16zss2kflem"",""payoffChapterId"":null},{""title"":""陈默聚会干扰"",""summary"":""阿条通过陈默证实关键信息，聚会将可能进一步改变局面。"",""status"":""pending_payoff"",""setupChapterId"":""cmr252peh0211v16zss2kflem"",""payoffChapterId"":null},{""title"":""阿条新目标：红裙试探"",""summary"":""阿条设定最终试探计划，穿红裙在团建晚会上测试阿力反应。"",""status"":""setup"",""setupChapterId"":""cmr252peh0211v16zss2kflem"",""payoffChapterId"":null},{""title"":""阿力新目标：跳槽准备"",""summary"":""阿力可能已在寻找新工作，为关系破裂后离职做准备。"",""status"":""hinted"",""setupChapterId"":""cmr252peh0211v16zss2kflem"",""payoffChapterId"":null}]}",2026-07-06T02:17:10.678+00:00,2026-07-06T02:17:10.678+00:00
cmr8ljtl10dfcv16zselcftc2,cmr23pgks000fv16zpwg1ms38,cmr252pei0212v16zr43naa61,阿条完成情感清理与红裙准备，确立审判姿态，为团建试探做好心理与物质准备。,"{""summary"":""阿条完成情感清理与红裙准备，确立审判姿态，为团建试探做好心理与物质准备。"",""characterStates"":[{""characterId"":""cmr23zj4j004tv16zlc1ewt6u"",""currentGoal"":""在团建中以红裙试探阿力，获取关系答案，但已从被动转为主动主导。"",""emotion"":""克制冷硬、掌控感"",""stressLevel"":45,""secretExposure"":""读者知情她已准备好红裙和截图留档"",""knownFactsJson"":""[\""阿力曾询问上海招聘市场\"",\""手机上有招聘搜索记录\"",\""红裙已备好\"",\""聊天记录已留档\""]"",""misbeliefsJson"":null,""summary"":""阿条通过仪式化清理，情感上降温，以审判者姿态面对明天，内心冷静而决绝。""}],""relationStates"":[],""informationStates"":[{""holderType"":""reader"",""holderRefId"":null,""fact"":""阿条已将红裙折入行李箱，准备在团建晚间活动穿着。"",""status"":""known"",""summary"":""读者知道红裙计划。""},{""holderType"":""character"",""fact"":""她已截图留档、废除暗语、删除聊天，完成绝情准备。"",""status"":""known"",""summary"":""阿条掌控所有关键信息。""},{""holderType"":""character"",""fact"":""阿条决定穿红裙参加团建。"",""status"":""unknown"",""summary"":""阿力不知道阿条的红裙计划。""}],""foreshadowStates"":[{""title"":""红裙试探"",""summary"":""阿条通过试穿红裙并折入箱底的仪式，确立主动审判者姿态，明日团建将实施试探。"",""status"":""pending_payoff"",""setupChapterId"":""cmr252peh0211v16zss2kflem"",""payoffChapterId"":""cmr252pek0213v16zuwcfd0ck""},{""title"":""阿力真实态度"",""summary"":""阿力真实感情态度仍模糊，团建中阿条穿红裙可能引发他真实反应。"",""status"":""pending_payoff"",""setupChapterId"":""cmr252peh0211v16zss2kflem"",""payoffChapterId"":""cmr252pek0213v16zuwcfd0ck""},{""title"":""团建暴露危机"",""summary"":""阿条红裙将直接面对阿力，加剧公开暴露风险。"",""status"":""pending_payoff"",""setupChapterId"":""cmr252ped020zv16zhk3ez4ic"",""payoffChapterId"":""cmr252pek0213v16zuwcfd0ck""}]}",2026-07-06T02:24:19.333+00:00,2026-07-06T02:24:19.333+00:00
cmr8lt4hp0dinv16ztw5fne9q,cmr23pgks000fv16zpwg1ms38,cmr252pek0213v16zuwcfd0ck,阿条从封闭观察转为被动承受行政随机拼房压力，阿力彻底隔离的姿态进一步固化，李晴离开使阿条孤立，红裙试探计划搁置，暴露危机升至新高。,"{""summary"":""阿条从封闭观察转为被动承受行政随机拼房压力，阿力彻底隔离的姿态进一步固化，李晴离开使阿条孤立，红裙试探计划搁置，暴露危机升至新高。"",""characterStates"":[{""characterId"":""cmr23zj4j004tv16zlc1ewt6u"",""currentGoal"":""在失去李晴的陪伴下独自应对拼房不确定性，维持冷静表象"",""emotion"":""紧绷而不外露"",""stressLevel"":80,""secretExposure"":""读者始终知道红裙计划，其他角色不知"",""knownFactsJson"":""[\""阿力申请单人间并获批\"",\""自己房间206紧邻阿力房间205\"",\""行政可能随机安排其他部门同事拼房\""]"",""misbeliefsJson"":null,""summary"":""阿条将试探决心压制成外部克制，但拼房变量直接威胁安全距离，红裙仍作为潜在引爆点深藏。""}],""relationStates"":[],""informationStates"":[{""holderType"":""reader"",""holderRefId"":null,""fact"":""阿力以“特殊原因”取得单人间，但具体原因未知；阿条房间紧邻，拼房名单尚未公布。"",""status"":""known"",""summary"":""读者与阿条同步感到不安，悬念集中在即将揭晓的拼房分配。""}],""foreshadowStates"":[{""title"":""团队建设暴露危机"",""summary"":""阿条房间紧邻阿力，拼房即将揭晓，私密空间压迫急剧增强。"",""status"":""pending_payoff"",""setupChapterId"":""cmr252pei0212v16zr43naa61"",""payoffChapterId"":null},{""title"":""红裙试探"",""summary"":""阿条已携红裙到达基地，但因阿力单人间和自身房间相邻的冲击，试探行动延后，物品仍存。"",""status"":""pending_payoff"",""setupChapterId"":""cmr252pek0213v16zuwcfd0ck"",""payoffChapterId"":null},{""title"":""阿力真实态度"",""summary"":""阿力当众宣称单人间，完全断绝同事合住可能，坐实其彻底回避的姿态。"",""status"":""pending_payoff"",""setupChapterId"":""cmr252pek0213v16zuwcfd0ck"",""payoffChapterId"":null},{""title"":""阿力单人间之谜"",""summary"":""阿力以“特殊原因”申请到单人间，该原因未说明，为后续埋下钩子。"",""status"":""hinted"",""setupChapterId"":""cmr252pek0213v16zuwcfd0ck"",""payoffChapterId"":null}]}",2026-07-06T02:31:33.373+00:00,2026-07-06T02:31:33.373+00:00
